id,calories,proteins,fat,carbohydrate,name,kategori
1,280.0,9.2,28.4,0.0,Abon,bahan pangan
2,513.0,23.7,37.0,21.3,Abon haruwan,bahan pangan
3,0.0,0.0,0.2,0.0,Agar-agar,bahan pangan
4,45.0,1.1,0.4,10.8,Akar tonjong segar,bahan pangan
5,37.0,4.4,0.5,3.8,Aletoge segar,bahan pangan
6,85.0,0.9,6.5,7.7,Alpukat segar,bahan pangan
7,96.0,3.7,0.6,19.1,Ampas kacang hijau,bahan pangan
8,414.0,26.6,18.3,41.3,Ampas Tahu,bahan pangan
9,75.0,4.1,2.1,10.7,Ampas tahu kukus,bahan pangan
10,67.0,5.0,2.1,8.1,Ampas tahu mentah,bahan pangan
11,184.0,18.8,14.0,0.0,Anak sapi daging gemuk segar,lauk
12,174.0,19.6,10.0,0.0,Anak sapi daging kurus segar,lauk
13,190.0,19.1,12.0,0.0,Anak sapi daging sedang segar,lauk
14,99.0,4.6,1.0,18.0,Andaliman segar,bahan pangan
15,25.0,1.6,0.2,5.3,Andewi,bahan pangan
16,30.0,0.5,0.2,6.8,Anggur hutan segar,bahan pangan
17,354.0,16.4,31.5,0.0,Angsa,bahan pangan
18,126.0,3.4,7.9,10.3,Anyang sayur,sayur
19,58.0,0.3,0.4,14.9,Apel,buah
20,57.0,0.5,0.4,12.8,Apel malang segar,buah
21,37.0,0.8,0.5,8.3,Arbei,bahan pangan
22,113.0,0.9,7.2,11.2,Ares sayur,sayur
23,102.0,1.0,0.2,24.1,Arrowroot segar,bahan pangan
24,277.0,2.4,25.0,10.7,Arwan sirsir,bahan pangan
25,75.0,0.2,1.1,16.1,Asam kandis segar,bahan pangan
26,239.0,2.8,0.6,62.5,Asam masak di pohon,bahan pangan
27,135.0,0.8,0.4,32.1,Asam payak segar,bahan pangan
28,261.0,0.9,1.6,63.3,Asan kandis kering,bahan pangan
29,98.0,3.9,2.6,14.8,Asinan Bogor sayuran,sayur
30,302.0,18.2,25.0,0.0,Ayam,lauk
31,297.0,35.9,15.2,1.6,Ayam  goreng Kentuckysayap,lauk
32,270.0,32.3,11.2,9.9,Ayam ampela goreng,lauk
33,75.0,13.8,1.9,0.7,Ayam dideh/darah segar,lauk
34,295.0,34.0,16.0,1.5,Ayam goreng church texa sayap,lauk
35,338.0,35.2,20.6,0.4,Ayam goreng church texas dada,lauk
36,275.0,37.4,12.2,1.3,Ayam goreng kalasan paha,lauk
37,298.0,34.2,16.8,0.1,Ayam goreng kentucky dada,lauk
38,286.0,32.1,16.1,1.1,Ayam goreng Kentucky paha,lauk
39,295.0,39.2,13.6,1.0,Ayam goreng mbok berek dada,lauk
40,287.0,31.0,15.7,1.7,Ayam goreng paha,lauk
41,246.0,37.9,9.0,0.7,Ayam goreng pasundan dada,lauk
42,245.0,33.1,11.4,0.3,Ayam goreng pasundan paha,lauk
43,295.0,37.4,14.7,0.6,Ayam goreng pioneer dada,lauk
44,244.0,36.7,9.2,1.0,Ayam goreng sukabumi dada,lauk
45,283.0,35.7,14.3,0.5,Ayam goreng sukabumi paha,lauk
46,261.0,27.4,16.1,1.6,Ayam hati segar,lauk
47,264.0,18.2,20.1,2.7,Ayam taliwang masakan,lauk
48,473.0,45.2,26.3,13.9,Ayam usus goreng,lauk
49,113.0,17.6,4.2,0.0,Babat,bahan pangan
50,453.0,11.9,45.0,0.0,Babi daging gemuk segar,lauk
51,371.0,14.1,35.0,0.0,Babi daging kurus segar,lauk
52,110.0,16.3,4.6,0.8,Babi ginjal segar,bahan pangan
53,129.0,19.7,4.8,1.7,Babi hati segar,bahan pangan
54,491.0,24.6,16.3,0.2,Babi hutan masak rica masakan,bahan pangan
55,102.9,3.3,2.7,16.3,Bacang,bahan pangan
56,450.0,3.2,13.9,78.1,Bagea kelapa asin,bahan pangan
57,452.0,1.3,13.8,80.6,Bagea kelapa manis,bahan pangan
58,529.0,3.2,29.1,63.6,Bagea kenari asin,bahan pangan
59,523.0,3.2,28.2,64.2,Bagea kenari manis,bahan pangan
60,416.0,6.5,9.4,76.3,Bagea kw 1,bahan pangan
61,382.0,0.3,3.5,87.2,Bagea kw 2,bahan pangan
62,129.0,1.9,6.6,15.6,Baje,bahan pangan
63,272.0,8.7,6.7,44.1,Bakpia kue,bahan pangan
64,76.0,4.1,2.5,9.2,Bakso ,bahan pangan
65,27.0,2.0,0.2,4.2,Bakung segar,bahan pangan
66,280.0,8.2,10.2,39.0,Bakwan,bahan pangan
67,13.0,0.4,0.2,3.0,Baligo,bahan pangan
68,190.0,3.3,0.3,43.5,Bantal,bahan pangan
69,159.0,3.1,5.8,23.5,Barongko,bahan pangan
70,137.0,4.3,4.8,19.1,Batang Tading,bahan pangan
71,107.0,2.2,2.2,19.6,Batar daan,bahan pangan
72,76.0,1.1,0.9,16.0,Batatas gembili segar,bahan pangan
73,110.0,1.4,1.1,23.4,Batatas kelapa ubi bakar,bahan pangan
74,92.0,1.2,0.3,21.0,Batatas kelapa ubi kukus,bahan pangan
75,89.0,1.1,0.1,21.0,Batatas kelapa ubi segar,bahan pangan
76,182.0,2.4,0.4,42.2,Batatas tali ubi rebus,bahan pangan
77,45.0,1.4,0.2,10.3,Bawang Bombay,bahan pangan
78,39.0,1.5,0.3,0.2,Bawang Merah,bahan pangan
79,95.0,4.5,0.2,23.1,Bawang Putih,bahan pangan
80,30.0,1.3,0.7,5.8,Bayam kukus,lauk
81,51.0,4.6,0.5,10.0,Bayam Merah,lauk
82,41.0,2.2,0.8,6.3,Bayam merah segar,lauk
83,23.0,1.2,0.6,3.7,Bayam rebus,lauk
84,36.0,3.5,0.5,6.5,Bayam segar,lauk
85,102.0,3.7,6.7,6.9,Bayam tumis + oncom,lauk
86,48.0,1.4,4.2,2.6,Bayam tumis bersantan,lauk
87,326.0,16.0,28.6,0.0,Bebek (itik),bahan pangan
88,303.0,11.3,27.0,3.7,Bebek alabio daging segar,lauk
89,300.0,24.0,20.7,4.5,Bebek daging goreng,lauk
90,65.0,1.1,5.2,3.5,Beberuk,bahan pangan
91,258.0,10.6,9.5,32.5,Beef burger,bahan pangan
92,151.0,8.6,3.1,22.3,Beef teriyaki masakan,bahan pangan
93,132.0,9.8,1.1,20.7,Beef yakiniku masakan,bahan pangan
94,116.0,11.9,4.9,6.1,Bekasam,bahan pangan
95,78.0,11.4,2.0,3.6,Bekasang,bahan pangan
96,131.0,20.2,4.3,2.8,Belibis daging segar,lauk
97,36.0,0.4,0.4,8.8,Belimbing,bahan pangan
98,145.0,1.2,0.4,34.2,Belitung talas kukus,bahan pangan
99,417.0,25.9,19.4,32.0,Belut goreng,bahan pangan
100,70.0,14.6,0.8,1.0,Belut segar,bahan pangan
101,93.0,12.8,1.5,6.1,Belutlaut segar,bahan pangan
102,55.0,1.4,0.2,12.8,Bengkuang,bahan pangan
103,98.0,1.6,0.7,20.9,Bentul (Komba)  talas segar,bahan pangan
104,71.0,2.3,0.3,15.4,Bentul talas kukus,bahan pangan
105,350.0,2.7,1.1,82.3,Beras Cerdas,bahan pokok
106,364.0,3.4,0.7,86.3,Beras ganyong,bahan pokok
107,360.0,6.8,0.7,78.9,Beras Giling,bahan pokok
108,178.0,2.1,0.1,40.6,Beras Giling masak (nasi) ,bahan pokok
109,357.0,8.4,1.7,77.1,Beras giling mentah,bahan pokok
110,369.0,9.5,1.4,77.1,Beras giling var pelita mentah,bahan pokok
111,357.0,8.4,1.7,77.1,Beras giling var rojolele mentah,bahan pokok
112,351.0,8.0,1.3,76.9,Beras hitam mentah,bahan pokok
113,358.0,5.5,0.1,82.7,Beras jagung kuning kering mentah,bahan pokok
114,307.0,4.8,0.1,71.8,Beras jagung putih kering mentah,bahan pokok
115,356.0,7.0,0.7,78.0,Beras Ketan Hitam,bahan pokok
116,181.0,4.0,1.2,37.3,Beras Ketan Hitam kukus,bahan pokok
117,166.0,3.8,1.0,34.4,Beras Ketan Hitam tape,bahan pokok
118,360.0,8.0,2.3,74.5,Beras Ketan Hitam tumbuk,bahan pokok
119,360.0,8.0,2.3,74.5,Beras ketan hitam tumbuk mentah,bahan pokok
120,362.0,6.7,0.7,79.4,Beras Ketan Putih,bahan pokok
121,163.0,3.0,0.4,35.7,Beras Ketan Putih kukus,bahan pokok
122,172.0,3.0,0.5,37.5,Beras Ketan Putih tape,bahan pokok
123,361.0,7.4,0.8,78.4,Beras Ketan Putih tumbuk,bahan pokok
124,361.0,7.4,0.8,78.4,Beras ketan putih tumbuk mentah,bahan pokok
125,376.0,7.5,3.8,78.0,Beras ladang mentah,bahan pokok
126,339.0,7.7,4.4,73.0,Beras Menir,bahan pokok
127,362.0,7.7,4.4,73.0,Beras menir mentah,bahan pokok
128,359.0,7.5,0.9,77.6,Beras Merah tumbuk,bahan pokok
129,364.0,6.8,0.6,80.1,Beras Parboiled,bahan pokok
130,353.0,6.8,0.6,80.0,Beras parboiled,bahan pokok
131,335.0,7.4,1.9,76.2,Beras Pecah Kulit,bahan pokok
132,363.0,7.6,1.1,78.3,Beras Setengah Giling,bahan pokok
133,344.0,1.1,0.2,28.3,Beras Siger,bahan pokok
134,354.0,7.8,0.4,79.9,Beras tumbuk mentah,bahan pokok
135,352.0,7.3,0.9,76.2,Beras tumbuk merah mentah,bahan pokok
136,145.0,16.3,7.0,4.1,Betok wadi masakan,bahan pangan
137,360.0,4.7,0.1,82.1,Bihun,bahan pangan
138,154.0,3.0,4.5,25.5,Bihun Goreng ,bahan pangan
139,381.0,6.1,3.9,80.3,Bihun goreng instan,bahan pangan
140,354.0,0.5,0.3,87.4,Bihun Jagung mentah,bahan pangan
141,348.0,4.7,0.1,82.1,Bihun mentah,bahan pangan
142,562.0,21.2,49.6,23.6,Biji Jambu Mete,bahan pangan
143,629.0,21.5,56.6,19.8,Biji Jambu Mete goreng,bahan pangan
144,262.0,2.3,5.4,51.1,Biji nangka/Biji salak,bahan pangan
145,199.0,2.1,1.5,44.4,Bika ambon,bahan pangan
146,225.7,3.0,0.3,52.9,Bika Ambon ,bahan pangan
147,48.0,0.6,0.0,4.4,Bir (4% alkohol),bahan pangan
148,458.0,6.9,14.4,75.1,Biskuit,bahan pangan
149,42.0,1.6,0.1,9.6,Bit,bahan pangan
150,51.0,0.3,0.1,12.1,Biwah segar,bahan pangan
151,43.0,2.6,0.0,11.6,Bonggol Pisang,buah
152,245.0,3.4,0.0,66.2,Bonggol Pisang kering,buah
153,119.0,4.4,3.5,18.3,Bongkrek (tempe bungkil),bahan pangan
154,23.0,1.0,0.8,7.2,Boros Kunci,bahan pangan
155,22.0,1.0,0.3,4.7,Boros Laja (lengkuas),bahan pangan
156,186.0,11.7,9.7,13.0,Botok lamtoro,bahan pangan
157,249.0,3.4,0.4,58.0,Brem,bahan pangan
158,400.0,4.0,0.7,95.3,Brondong ,bahan pangan
159,141.0,15.3,3.3,12.6,Brongkos,bahan pangan
160,23.0,0.8,0.2,5.2,Buah Atung,buah
161,110.0,1.4,2.1,21.4,Buah kelenting segar,buah
162,38.0,1.5,0.2,7.5,Buah kelor,buah
163,264.0,4.0,1.1,59.6,Buah kom segar,buah
164,39.0,0.7,0.2,9.7,Buah Mentega (bisbul),buah
165,87.0,2.6,2.7,13.1,Buah merah,buah
166,71.0,1.7,3.1,9.1,Buah Naga Merah segar,buah
167,56.0,0.8,1.0,10.9,Buah Naga Putih segar,buah
168,55.0,1.2,0.1,12.2,Buah negri segar,buah
169,101.0,1.7,0.6,25.2,Buah Nona,buah
170,78.0,0.6,0.3,18.2,Buah rotan segar,buah
171,113.0,0.8,0.3,26.8,Buah rukam segar,buah
172,29.0,2.1,0.7,3.6,Buah ruruhi segar,buah
173,67.0,0.4,0.2,15.9,Buah tuppa segar,buah
174,365.0,49.6,4.8,30.8,Buaya daging dendeng mentah,lauk
175,60.0,1.0,60.0,13.0,Bubur ,bahan pangan
176,167.0,0.2,4.0,33.0,Bubur sagu,bahan pangan
177,156.0,2.3,0.2,15.6,Bubur tinotuan (Manado),bahan pangan
178,72.0,11.4,4.9,1.4,Bulgogi masakan,bahan pangan
179,212.0,16.9,0.2,47.6,Bulung Jajan,bahan pangan
180,237.0,14.7,0.2,56.0,Bulung Sangu,bahan pangan
181,35.0,2.4,0.2,7.7,Buncis,bahan pangan
182,60.0,5.1,0.5,8.5,Buncis asam,bahan pangan
183,30.0,2.2,0.2,6.4,Buncis rebus,bahan pangan
184,45.0,2.6,0.3,8.1,Bunga pepaya segar,bahan pangan
185,42.0,2.0,1.1,6.1,Bunga turi segar,bahan pangan
186,333.0,29.3,3.3,50.0,Bungkil Biji Karet,bahan pangan
187,336.0,37.4,13.0,30.5,Bungkil Kacang Tanah,bahan pangan
188,368.0,23.0,15.0,40.0,Bungkil Kelapa,bahan pangan
189,106.0,4.4,6.3,7.9,Buntil ,bahan pangan
190,141.0,4.4,10.2,8.0,Buntil daun talas,bahan pangan
191,125.7,3.3,1.9,23.9,Buras ,bahan pangan
192,281.0,37.5,0.3,32.1,Burung sarang segar,bahan pangan
193,38.0,1.6,0.8,6.3,Cabai gembor merah segar,bahan pangan
194,26.0,0.7,0.3,5.2,Cabai hijau segar,bahan pangan
195,367.0,15.9,6.2,61.8,Cabai merah kering,bahan pangan
196,36.0,1.0,0.3,7.3,Cabai merah segar,bahan pangan
197,120.0,4.7,2.4,19.9,Cabai rawit segar,bahan pangan
198,20.0,1.7,0.4,3.4,Caisin segar,bahan pangan
199,155.0,20.1,3.8,10.2,Cakalang asar (asap papua),bahan pangan
200,323.0,4.9,11.5,50.1,Cake tape,bahan pangan
201,102.0,3.2,6.0,8.7,Cammetutu,bahan pangan
202,366.0,11.0,3.3,73.0,Cantel mentah,bahan pangan
203,97.0,5.8,6.3,4.2,Cap cai sayur,sayur
204,24.0,1.9,0.2,3.7,Carica papaya segar,bahan pangan
205,460.0,0.8,18.7,17.2,Cassavastick,bahan pangan
206,116.0,3.0,0.4,28.6,Cempedak,bahan pangan
207,330.0,5.2,8.9,57.4,Cengkeh kering,bahan pangan
208,332.0,11.0,3.3,73.0,Centel,bahan pangan
209,462.0,1.2,20.7,67.7,Ceriping getuk singkong,bahan pangan
210,168.0,13.0,9.6,7.5,Chicken teriyaki masakan,bahan pangan
211,143.0,9.8,1.4,22.8,Chikiniku masakan,bahan pangan
212,311.0,8.0,4.0,48.9,Coklat bubuk,bahan pangan
213,472.0,2.0,29.8,62.7,Coklat Manis batang,bahan pangan
214,504.0,5.5,52.9,29.2,Coklat Pahit batang,bahan pangan
215,381.0,9.0,35.0,53.6,Coklat Susu batang,bahan pangan
216,210.0,1.6,6.6,35.8,Combro ,bahan pangan
217,241.0,16.0,25.0,0.0,Corned Beef,bahan pangan
218,96.0,6.8,5.9,3.8,Coto mangkasara kuda masakan,bahan pangan
219,84.0,6.0,6.0,1.4,Coto mangkasara sapi masakan,bahan pangan
220,145.0,27.0,2.3,0.0,Cue Selar Kuning,bahan pangan
221,12.0,0.1,0.1,5.0,Cuka,bahan pangan
222,265.0,40.6,10.1,0.0,Cumi-cumi goreng,bahan pangan
223,75.0,16.1,0.7,0.1,Cumi-cumi segar,bahan pangan
224,190.0,19.1,12.0,0.0,Daging Anak Sapi,lauk
225,191.0,32.0,6.0,0.0,Daging Asap,lauk
226,457.0,11.6,45.0,0.0,Daging Babi Gemuk,lauk
227,376.0,14.1,35.0,0.0,Daging Babi Kurus,lauk
228,206.0,17.1,14.8,0.0,Daging Domba,lauk
229,154.0,16.6,9.2,0.0,Daging Kambing,lauk
230,84.0,18.7,0.5,0.0,Daging Kerbau,lauk
231,118.0,18.1,4.1,0.9,Daging Kuda,lauk
232,207.0,18.8,14.0,0.0,Daging Sapi,lauk
233,27.0,1.3,0.6,4.0,Daun bangun-bangun segar,bahan pangan
234,29.0,1.8,0.7,5.2,Daun Bawang,bahan pangan
235,41.0,2.0,0.3,7.8,Daun bawang  merah segar,bahan pangan
236,41.0,2.7,1.0,7.3,Daun bebuas segar,bahan pangan
237,50.0,4.4,1.4,7.8,Daun belem segar,bahan pangan
238,42.0,1.8,0.5,9.4,Daun Beluntas,bahan pangan
239,122.0,6.0,1.0,26.0,Daun Cincau,bahan pangan
240,60.0,3.1,0.3,14.0,Daun Gandaria,bahan pangan
241,58.0,2.9,0.7,10.0,Daun gedi besar segar,bahan pangan
242,30.0,1.3,0.7,5.8,Daun gelang segar,bahan pangan
243,50.0,4.6,0.9,7.0,Daun gunda bali segar,bahan pangan
244,62.0,4.2,0.9,9.2,Daun gunda serang segar,bahan pangan
245,73.0,4.6,0.5,16.2,Daun Jambu Mete muda,bahan pangan
246,34.0,3.8,0.5,5.3,Daun jampang segar,bahan pangan
247,93.0,5.0,1.3,15.3,Daun jawaw seluang segar,bahan pangan
248,27.0,2.1,0.7,4.4,Daun jonghe segar,bahan pangan
249,36.0,2.9,0.6,6.8,Daun kacang ma segar,bahan pangan
250,34.0,4.1,0.4,5.8,Daun Kacang Panjang,bahan pangan
251,40.0,3.7,0.3,8.0,Daun Kacang Panjang kukus,bahan pangan
252,30.0,3.1,0.3,5.8,Daun kacang panjang segar,bahan pangan
253,92.0,4.0,3.6,10.9,Daun kasbi/singkong karet segar,bahan pangan
254,59.0,4.8,1.0,11.0,Daun Katuk,bahan pangan
255,53.0,5.3,0.9,9.1,Daun katuk rebus,bahan pangan
256,59.0,6.4,1.0,9.9,Daun katuk segar,bahan pangan
257,47.0,5.0,0.5,8.5,Daun Kecipir,bahan pangan
258,59.0,2.8,0.3,13.4,Daun Kedondong,bahan pangan
259,82.0,6.7,1.7,14.3,Daun Kelor,bahan pangan
260,61.0,6.1,0.9,10.0,Daun Kelor rebus,bahan pangan
261,46.0,4.0,0.5,8.9,Daun Kemangi,bahan pangan
262,45.0,3.7,0.5,6.6,Daun kenikir segar,bahan pangan
263,48.0,4.5,0.8,9.1,Daun kesum segar,bahan pangan
264,22.0,2.1,0.5,3.6,Daun kol sawi segar,sayur
265,23.0,3.0,0.3,3.7,Daun Koro,bahan pangan
266,51.0,2.5,1.1,8.0,Daun kubis segar,bahan pangan
267,14.0,1.3,0.3,2.3,Daun Kumak,bahan pangan
268,60.0,4.0,0.4,4.7,Daun Labu Siam,bahan pangan
269,30.0,3.6,0.6,4.5,Daun Labu Waluh,bahan pangan
270,87.0,8.3,1.8,14.4,Daun lamtoro segar,bahan pangan
271,76.0,2.8,0.2,15.8,Daun leilem segar,bahan pangan
272,45.0,4.7,0.5,8.1,Daun Leunca,bahan pangan
273,30.0,2.3,0.4,5.8,Daun Lobak,bahan pangan
274,40.0,3.0,0.8,7.4,Daun Lompong Tales,bahan pangan
275,54.0,3.7,0.3,11.8,Daun Mangkokan,bahan pangan
276,71.0,6.8,1.6,11.5,Daun matel ambon segar,bahan pangan
277,99.0,5.0,1.3,21.3,Daun Melinjo,bahan pangan
278,63.0,3.8,1.5,11.5,Daun Mengkudu Kukus,bahan pangan
279,166.0,1.7,0.5,38.8,Daun ndusuk segar,bahan pangan
280,22.0,1.0,0.1,5.3,Daun Oyong,bahan pangan
281,22.0,1.0,0.1,5.3,Daun oyong segar,bahan pangan
282,35.0,4.0,0.3,6.4,Daun Pakis,bahan pangan
283,54.0,2.2,3.6,3.1,Daun pakis longgiho segar,bahan pangan
284,39.0,4.5,0.4,6.9,Daun pakis segar,bahan pangan
285,53.0,3.4,1.2,7.2,Daun pakis wambateu segar,bahan pangan
286,29.0,3.4,0.1,6.5,Daun paku segar,bahan pangan
287,104.0,3.9,0.6,17.9,Daun pangisegar,bahan pangan
288,49.0,2.7,1.0,8.4,Daun pare segar,bahan pangan
289,87.0,8.0,2.0,11.9,Daun pepaya segar,bahan pangan
290,128.0,12.0,6.5,12.4,Daun Pete Cina,bahan pangan
291,37.0,2.5,0.8,6.9,Daun Poh-pohan,bahan pangan
292,301.0,14.2,10.9,49.0,Daun salam  bubuk,bahan pangan
293,62.0,4.0,0.5,10.5,Daun selasih segar,bahan pangan
294,45.0,4.4,8.0,0.5,Daun Semanggi,bahan pangan
295,45.0,4.4,0.5,8.5,Daun semanggi segar,bahan pangan
296,53.0,3.2,2.5,7.6,Daun simpur segar,bahan pangan
297,68.0,2.0,1.0,15.2,Daun singkil segar,bahan pangan
298,73.0,6.8,1.2,13.0,Daun Singkong,bahan pangan
299,144.0,12.7,1.2,25.2,Daun singkong ambon segar,bahan pangan
300,50.0,6.2,1.1,7.1,Daun singkong ampenan segar,bahan pangan
301,74.0,6.3,0.7,10.7,Daun singkong kopang segar,bahan pangan
302,55.0,4.0,0.5,8.5,Daun Singkong lodeh,bahan pangan
303,31.0,3.7,0.6,4.8,Daun Singkong rebus,bahan pangan
304,50.0,6.2,1.1,7.1,Daun singkong segar,bahan pangan
305,36.0,2.6,0.9,6.1,Daun Sintrong,bahan pangan
306,27.0,1.3,0.2,5.9,Daun talas rebus,bahan pangan
307,59.0,3.0,0.4,13.5,Daun talas segar,bahan pangan
308,71.0,4.1,2.1,12.3,Daun Tales,bahan pangan
309,27.0,1.3,0.2,5.9,Daun Tales rebus,bahan pangan
310,70.0,2.9,0.3,13.9,Daun tespong segar,bahan pangan
311,47.0,2.8,0.4,10.4,Daun Ubi Jalar,bahan pangan
312,56.0,3.1,0.3,13.0,Daun Ubi Jalar kukus,bahan pangan
313,62.0,3.7,0.3,11.1,Daun ubi kuning segar,bahan pangan
314,56.0,3.1,0.3,13.0,Daun ubi merah kukus,bahan pangan
315,48.0,3.0,0.3,10.8,Daun ubi merah segar,bahan pangan
316,46.0,2.8,0.2,8.2,Daun ubi putih segar,bahan pangan
317,55.0,1.7,0.1,11.9,Daun ubi tinta segar,bahan pangan
318,260.0,2.0,15.0,53.0,Deblo ,bahan pangan
319,382.0,55.7,14.1,8.0,Dendeng belut goreng,bahan pangan
320,433.0,55.0,9.0,0.0,Dendeng Daging Sapi,lauk
321,598.0,74.3,26.9,9.2,Dendeng mujahir goreng,bahan pangan
322,77.0,13.8,1.9,0.7,Dideh darah ayam,lauk
323,104.0,21.9,1.1,0.0,Dideh darah sapi,bahan pangan
324,248.0,10.0,2.3,40.9,Djibokum masakan,bahan pangan
325,395.0,3.0,5.7,81.2,Dodol,bahan pangan
326,298.0,3.7,2.1,65.9,Dodol bali,bahan pangan
327,368.0,2.6,8.6,70.0,Dodol banjarmasin,bahan pangan
328,348.0,0.4,3.8,76.1,Dodol galamai,bahan pangan
329,331.0,1.9,7.6,63.8,Dodol kedondong,bahan pangan
330,373.0,4.3,16.5,51.9,Dodol manado,bahan pangan
331,17.5,3.3,2.3,39.5,Dodonkol ,sayur
332,317.0,15.7,27.7,0.0,Domba daging gemuk segar,lauk
333,202.0,17.1,14.8,0.0,Domba daging kurus  segar,lauk
334,100.0,16.6,3.3,1.0,Domba ginjal segar,bahan pangan
335,63.0,1.0,0.2,16.1,Duku,bahan pangan
336,134.0,2.5,3.0,28.0,Durian,bahan pangan
337,80.0,0.5,0.6,18.2,Duwet segar,bahan pangan
338,18.0,1.0,0.2,3.8,Eceng Gondok,bahan pangan
339,98.0,1.4,0.2,25.4,Embacang,bahan pangan
340,248.0,36.2,6.9,10.1,Empal (daging) Goreng masakan,lauk
341,590.0,18.5,57.0,0.0,Empal Goreng,bahan pangan
342,345.0,12.0,1.5,71.5,Emping (kerupuk melinjo),bahan pangan
343,403.0,10.6,2.2,85.3,Emping beras,bahan pokok
344,355.0,17.8,4.6,60.7,Emping komak,bahan pangan
345,122.0,3.5,4.5,17.5,Encung asam segar,bahan pangan
346,538.0,13.6,30.3,52.6,Enting-enting gepuk hello kity,bahan pangan
347,524.0,13.3,29.2,52.0,Enting-enting gepuk kacang tanah,bahan pangan
348,565.0,18.2,38.4,36.8,Enting-enting wijen,bahan pangan
349,70.0,0.6,0.0,18.9,Erbis,bahan pangan
350,210.0,4.0,12.5,20.6,Es krim,bahan pangan
351,156.7,3.0,1.7,32.7,Es Krim (Coconut milk) ,bahan pangan
352,152.0,0.0,0.0,37.6,Es Mambo ,bahan pangan
353,44.8,0.0,0.0,11.3,Es Sirup ,bahan pangan
354,270.0,12.3,15.9,19.3,Fillet o-fish,bahan pangan
355,322.0,2.4,0.6,76.6,Gadeng/Gadung kering,bahan pangan
356,137.0,6.1,3.2,21.0,Gado-gado,bahan pangan
357,88.0,0.8,0.3,20.9,Gadung kukus,bahan pangan
358,101.0,2.1,0.2,23.2,Gadung mentah,bahan pangan
359,88.0,0.6,0.3,20.9,Gadung ubi kukus,bahan pangan
360,100.0,0.9,0.3,23.5,Gadung ubi segar,bahan pangan
361,18.0,0.8,0.2,4.1,Gambas (Oyong),bahan pangan
362,13.0,0.3,0.6,1.6,Gambas lodeh,bahan pangan
363,68.0,0.7,0.1,18.0,Gandaria,bahan pangan
364,100.0,0.8,0.2,23.8,Ganyong kukus,bahan pangan
365,95.0,1.0,0.1,22.6,Ganyong mentah,bahan pangan
366,100.0,0.8,0.2,23.8,Ganyong rebus,bahan pangan
367,77.0,0.6,0.2,18.4,Ganyong segar,bahan pangan
368,338.0,1.5,0.7,81.3,Gaplek,bahan pangan
369,191.0,4.5,1.5,39.7,Gatep segar,bahan pangan
370,347.0,1.3,0.7,83.8,Gatot,bahan pangan
371,195.0,0.4,1.7,44.4,Geblek,bahan pangan
372,389.0,0.0,0.0,91.0,Gelatine,bahan pangan
373,95.0,1.5,0.1,22.4,Gembili,bahan pangan
374,131.0,1.1,0.2,31.3,Gembili ubi segar,bahan pangan
375,274.0,1.7,5.4,55.5,Gemblong,bahan pangan
376,407.0,6.4,28.2,32.0,Gendar goreng,bahan pangan
377,35.0,1.7,0.2,7.7,Genjer segar,bahan pangan
378,350.0,1.4,14.4,53.6,Geplak,bahan pangan
379,462.0,3.1,24.4,57.7,Geplak jahe,bahan pangan
380,75.0,8.2,2.0,6.0,Gete kuah asam masakan,bahan pangan
381,360.0,1.3,6.4,74.3,Getuk goreng,bahan pangan
382,171.4,4.0,4.0,32.0,Getuk Lindri ,bahan pangan
383,144.0,1.1,0.4,34.1,Getuk pisang,buah
384,204.0,0.5,1.4,47.4,Getuk singkong,bahan pangan
385,114.0,16.3,4.6,0.8,Ginjal Babi,bahan pangan
386,105.0,16.6,3.3,1.0,Ginjal Domba,bahan pangan
387,141.0,15.0,8.1,0.9,Ginjal Sapi,bahan pangan
388,53.0,1.6,1.6,8.8,Gudeg ,bahan pangan
389,160.0,3.3,9.2,16.0,Gudeg sayur,sayur
390,368.0,0.0,0.0,95.0,Gula Aren,bumbu
391,386.0,3.0,10.0,76.0,Gula Kelapa,bumbu
392,356.0,0.4,0.5,90.6,Gula Merah Tebu belum dimurnikan,lauk
393,394.0,0.0,0.0,94.0,Gula putih,bumbu
394,52.0,10.0,0.5,1.8,Gulai asam keueung masakan,bumbu
395,106.0,16.5,3.3,2.5,Gulai ikan masakan,lauk
396,148.0,10.0,9.8,5.0,Gulai ikan paya masakan,lauk
397,126.0,4.2,9.4,6.2,Gulai kambing,bumbu
398,110.0,5.9,8.2,3.2,Gulai keumamah masakan,bumbu
399,143.0,4.0,11.4,6.0,Gulai pakis,bumbu
400,176.0,7.3,14.9,3.2,Gulai pliek,bumbu
401,132.0,9.0,7.2,7.8,Gulai tiram masakan,bumbu
402,192.0,12.7,10.1,12.7,Gurame asem manis masakan,bahan pangan
403,218.0,0.5,2.5,48.5,Gurandil,bahan pangan
404,389.0,16.9,35.0,0.3,Ham,bahan pangan
405,65.0,10.0,1.0,3.5,Hangop,bahan pangan
406,134.0,19.7,4.8,1.7,Hati Babi,bahan pangan
407,136.0,19.7,3.2,6.0,Hati Sapi,bahan pangan
408,390.0,14.2,7.4,68.2,Havermout,bahan pangan
409,127.0,1.2,0.5,29.5,Hofa/Ubi hutan segar,bahan pangan
410,146.0,17.7,5.9,5.6,Ikan asar merah masakan,lauk
411,380.0,33.6,27.5,0.0,Ikan Asin bilis goreng,lauk
412,456.0,46.5,24.4,0.0,Ikan Asin gabus goreng,lauk
413,348.0,18.7,29.5,0.0,Ikan Asin japuh goreng,lauk
414,193.0,42.0,1.5,0.0,Ikan Asin kering,lauk
415,430.0,58.2,23.6,0.0,Ikan Asin pari goreng,lauk
416,652.0,40.4,54.3,0.0,Ikan Asin pepetek goreng,lauk
417,319.0,6.9,31.7,0.0,Ikan Asin sirinding goreng,lauk
418,430.0,33.4,32.4,0.0,Ikan Asin teri goreng,lauk
419,198.0,19.0,13.0,0.0,Ikan Bader (Tawes),lauk
420,107.0,16.5,3.9,1.5,Ikan balong segar,lauk
421,112.0,20.0,1.3,3.7,Ikan bambangan segar,lauk
422,129.0,20.0,4.8,0.0,Ikan Bandeng,lauk
423,296.0,17.1,20.3,11.3,Ikan bandeng presto masakan,lauk
424,111.0,19.4,0.9,4.8,Ikan banjar segar,lauk
425,78.0,14.5,0.6,3.7,Ikan baronang segar,lauk
426,144.0,17.8,5.8,5.2,Ikan baung bakar,lauk
427,123.0,15.1,5.5,3.3,Ikan baung segar,lauk
428,96.0,19.0,1.7,0.0,Ikan Bawal,lauk
429,138.0,14.0,0.7,7.4,Ikan Bekasang,lauk
430,128.0,18.0,3.0,7.2,Ikan Belida bakar,lauk
431,80.0,14.7,1.4,2.2,Ikan Belida segar,lauk
432,417.0,25.9,19.4,32.0,Ikan Belut Segar goreng,lauk
433,82.0,6.7,1.0,10.9,Ikan Belut Segar mentah,lauk
434,66.0,14.0,0.0,0.0,Ikan Beunteur,lauk
435,90.0,14.9,2.5,2.1,Ikan biawan segar,lauk
436,88.0,14.2,0.7,6.2,Ikan bili segar,lauk
437,100.0,14.7,2.4,4.9,Ikan bubara segar,lauk
438,134.0,25.5,1.3,5.0,Ikan bulan-bulan segar,lauk
439,204.0,34.2,5.6,1.9,Ikan cakalang asap mentah,lauk
440,198.0,36.5,2.2,5.5,Ikan cakalang asin mentah,lauk
441,120.0,11.3,3.9,10.0,Ikan cakalang hati segar,lauk
442,116.0,11.2,1.2,10.2,Ikan cakalang jantung segar,lauk
443,86.0,10.2,1.1,8.7,Ikan cakalang perut segar,lauk
444,107.0,19.6,0.7,5.5,Ikan cakalang segar,lauk
445,81.0,11.4,1.9,3.8,Ikan calo/ peda mentah,lauk
446,101.0,11.5,4.1,4.6,Ikan daun segar,lauk
447,109.0,17.0,4.0,0.0,Ikan Ekor Kuning,lauk
448,261.0,38.1,2.3,21.9,Ikan Gabus asap mentah,lauk
449,292.0,58.0,4.0,0.0,Ikan Gabus kering,lauk
450,74.0,25.2,1.7,0.0,Ikan Gabus segar,lauk
451,267.0,23.1,19.4,0.2,Ikan gete goreng,lauk
452,101.0,10.3,3.7,6.7,Ikan hitam segar,lauk
453,298.0,46.3,3.6,20.2,Ikan hiu kering,lauk
454,57.0,10.7,0.3,2.2,Ikan hiu segar,lauk
455,77.0,15.6,0.9,1.6,Ikan kacangan segar,lauk
456,92.0,20.0,0.7,0.0,Ikan kakap segar,lauk
457,82.0,11.4,1.2,6.4,Ikan kakatua segar,lauk
458,132.0,17.0,6.7,0.8,Ikan kapar segar,lauk
459,162.0,31.7,2.8,0.3,Ikan katombo asin,lauk
460,110.0,12.6,4.2,5.4,Ikan kawalinya segar,lauk
461,302.0,70.7,1.9,0.4,Ikan kayu kering,lauk
462,103.0,22.0,1.0,0.0,Ikan Kembung,lauk
463,70.0,10.8,0.7,5.2,Ikan kima segar,lauk
464,147.0,17.5,6.5,5.4,Ikan Lais bakar,lauk
465,109.0,22.0,1.7,0.0,Ikan Layang,lauk
466,82.0,18.0,1.0,0.4,Ikan layur segar,lauk
467,90.0,20.4,0.9,0.0,Ikan lehoma segar,lauk
468,252.0,19.9,19.1,0.0,Ikan Lele goreng,lauk
469,112.0,20.0,3.0,0.0,Ikan Lemuru,lauk
470,104.0,15.6,3.2,2.0,Ikan lidah segar,lauk
471,258.0,40.3,2.3,18.9,Ikan lomak asin mentah,lauk
472,99.0,20.6,1.4,0.9,Ikan malalugis segar,lauk
473,86.0,16.0,2.0,0.0,Ikan Mas,lauk
474,188.0,19.3,12.2,0.0,Ikan Mas goreng,lauk
475,209.0,15.2,11.3,11.8,Ikan Mas pepes,lauk
476,97.0,17.9,2.0,0.4,Ikan mayong segar,lauk
477,598.0,74.3,26.9,9.2,Ikan Mujair dendeng goreng,lauk
478,582.0,68.3,15.2,37.2,Ikan Mujair dendeng mentah,lauk
479,416.0,46.9,23.9,0.0,Ikan Mujair goreng,lauk
480,121.0,21.7,2.8,0.8,Ikan Mujair pepes,lauk
481,89.0,18.7,1.0,0.0,Ikan Mujair segar,lauk
482,154.0,16.8,5.0,10.5,Ikan nasu metti segar,lauk
483,125.0,21.3,3.4,2.2,Ikan oci kembung segar,lauk
484,152.0,17.6,6.1,6.7,Ikan Papuyu bakar,lauk
485,120.0,14.3,4.9,4.6,Ikan papuyu/ betok segar,lauk
486,144.0,17.5,6.3,4.3,Ikan Patin bakar,lauk
487,132.0,17.0,6.6,1.1,Ikan Patin segar,lauk
488,156.0,28.0,4.0,2.0,Ikan peda banjar mentah,lauk
489,176.0,32.0,4.4,0.0,Ikan Pepetek,lauk
490,157.0,28.0,4.2,1.8,Ikan Pindang banjar mentah,lauk
491,170.0,31.0,4.2,0.0,Ikan Pindang benggol mentah,lauk
492,153.0,30.0,2.8,0.0,Ikan Pindang layang mentah,lauk
493,142.0,27.0,3.0,0.0,Ikan Pindang selar mentah,lauk
494,415.0,61.3,17.6,2.9,Ikan sale lais mentah,lauk
495,534.0,40.2,39.3,4.9,Ikan Sale segar,lauk
496,284.0,34.1,9.9,14.6,Ikan saluang kering mentah,lauk
497,113.0,13.9,4.9,3.4,Ikan saluang segar,lauk
498,240.0,21.7,7.7,20.7,Ikan sanggang masakan,lauk
499,109.0,19.9,1.8,3.4,Ikan sarden segar,lauk
500,113.0,17.0,4.5,0.0,Ikan Segar,lauk
501,194.0,38.0,3.5,0.0,Ikan Selar kering,lauk
502,138.0,27.0,3.3,0.0,Ikan selar kuning cue mentah,lauk
503,100.0,18.8,2.2,0.0,Ikan selar segar,lauk
504,289.0,38.0,14.0,0.0,Ikan Sepat kering,lauk
505,84.0,15.2,0.6,4.7,Ikan sepat segar,lauk
506,81.0,11.4,1.9,3.8,Ikan sidat segar,lauk
507,199.0,34.1,3.8,7.1,Ikan sunu asin mentah,lauk
508,111.0,13.3,3.4,6.7,Ikan sunu segar,lauk
509,88.0,15.9,0.9,4.1,Ikan tahuman segar,lauk
510,96.0,19.5,1.1,2.0,Ikan tarmon segar,lauk
511,95.0,15.8,0.7,6.5,Ikan telan segar,lauk
512,358.0,20.7,26.4,9.4,Ikan telur asin mentah,lauk
513,204.0,16.0,15.0,0.0,Ikan Tembang,lauk
514,101.0,15.1,4.1,1.0,Ikan tempahas segar,lauk
515,316.0,60.1,6.5,22.4,Ikan tepung mentah,bahan pokok
516,98.0,19.6,1.7,1.0,Ikan terbang segar,lauk
517,277.0,60.0,2.3,1.8,Ikan Teri bubuk,lauk
518,170.0,33.4,3.0,0.0,Ikan Teri kering,lauk
519,331.0,68.7,4.2,0.0,Ikan Teri Kering tawar,lauk
520,144.0,32.5,0.6,0.0,Ikan Teri Nasi kering,lauk
521,74.0,10.3,1.4,4.1,Ikan teri segar,lauk
522,347.0,48.8,6.4,19.6,Ikan Teri tepung,bahan pokok
523,82.0,17.4,0.4,2.3,Ikan titang segar,lauk
524,100.0,13.7,1.5,8.0,Ikan tongkol segar,lauk
525,96.0,19.2,2.0,0.2,Ikan turi segar,lauk
526,474.0,7.6,21.6,62.3,Intip goreng,bahan pangan
527,496.0,30.3,33.5,18.4,Itik alabio daging dendeng mentah,lauk
528,156.0,2.7,1.3,33.3,Jagung grontol,bahan pangan
529,361.0,8.7,4.5,72.4,Jagung Kuning giling,bahan pangan
530,129.0,4.1,1.3,30.3,Jagung Kuning muda,bahan pangan
531,307.0,7.9,3.4,63.6,Jagung Kuning pipil baru,bahan pangan
532,366.0,9.8,7.3,69.1,Jagung kuning pipil kering mentah,bahan pangan
533,355.0,9.2,3.9,73.7,Jagung Kuning pipil lama,bahan pangan
534,154.0,3.8,3.5,28.4,Jagung kuning pipil rebus,bahan pangan
535,140.0,4.7,1.3,33.1,Jagung Kuning segar,bahan pangan
536,355.0,9.2,3.9,73.7,Jagung kuning tepung,bahan pokok
537,35.0,2.2,0.1,7.4,Jagung muda,bahan pangan
538,147.0,5.1,0.7,31.5,Jagung muda kuning mentah,bahan pangan
539,142.0,5.0,0.7,30.3,Jagung muda rebus,bahan pangan
540,367.0,6.2,5.1,76.2,Jagung pipil var. harapan kering,bahan pangan
541,368.0,5.5,4.6,78.0,Jagung pipil var. metro kering,bahan pangan
542,361.0,8.7,4.5,72.4,Jagung Putih giling,bahan pangan
543,129.0,4.1,1.3,30.3,Jagung Putih muda,bahan pangan
544,307.0,7.9,3.4,63.6,Jagung Putih pipil baru,bahan pangan
545,355.0,9.2,3.9,73.7,Jagung Putih pipil lama,bahan pangan
546,140.0,4.7,1.3,33.1,Jagung Putih segar,bahan pangan
547,175.0,1.8,1.8,35.0,Jagung Rebus ,bahan pangan
548,148.9,10.4,10.4,20.1,Jagung Sayur (tumis) ,sayur
549,374.0,9.4,2.2,79.1,Jagung titi,bahan pangan
550,51.0,1.5,1.0,10.1,Jahe,bahan pangan
551,289.0,11.0,4.0,61.0,Jali,bahan pangan
552,239.0,0.5,0.6,64.5,Jam selai,bahan pangan
553,286.0,48.5,9.2,2.3,Jambal goreng,bahan pangan
554,46.0,0.6,0.0,11.8,Jambu Air,bahan pangan
555,49.0,0.9,0.3,12.2,Jambu Biji,bahan pangan
556,61.0,0.9,0.3,15.4,Jambu biji putih tidak berbiji,bahan pangan
557,56.0,0.6,0.3,14.2,Jambu Bol,bahan pangan
558,64.0,0.7,0.6,15.8,Jambu Monyet buah,buah
559,350.0,6.2,1.4,78.2,Jampang huma mentah,bahan pangan
560,45.0,2.5,3.9,0.0,Jamur Coklat (kulat siau),bahan pangan
561,296.0,9.4,1.1,62.0,Jamur encik,bahan pangan
562,294.0,16.0,0.9,64.6,Jamur kuping kering,bahan pangan
563,21.0,3.8,0.6,0.9,Jamur kuping segar,bahan pangan
564,30.0,3.5,0.2,4.0,Jamur merang segar,bahan pangan
565,48.0,2.8,4.1,2.9,Jamur Putih (kulat putih),bahan pangan
566,48.0,1.9,3.2,2.8,Jamur sagu,bahan pangan
567,30.0,1.9,0.1,5.5,Jamur tiram segar,bahan pangan
568,107.0,5.3,2.2,16.5,Jangang bintatoeng masakan,bahan pangan
569,31.0,1.2,0.3,7.1,Jantung Pisang segar,buah
570,500.0,1.2,25.1,67.3,Japilus,bahan pangan
571,48.0,2.5,4.2,0.0,Jaruk Tigarun,bahan pangan
572,334.0,9.7,3.5,73.4,Jawawut,bahan pangan
573,381.7,9.5,9.5,65.8,Jenang ,bahan pangan
574,192.0,5.4,0.3,40.7,Jengkol segar,sayur
575,48.0,0.6,0.2,12.4,Jeruk Bali,buah
576,61.0,0.8,0.2,14.1,Jeruk banjar segar,buah
577,44.0,0.8,0.3,10.9,Jeruk Garut,buah
578,39.0,0.3,0.3,8.9,Jeruk Kalamansi segar,buah
579,45.0,0.9,0.2,11.2,Jeruk Manis,buah
580,37.0,0.8,0.1,12.3,Jeruk Nipis,buah
581,49.0,0.7,0.2,11.1,Jeruk ragi segar,buah
582,32.0,1.9,0.3,7.1,Jotang,bahan pangan
583,15.0,15.2,4.3,8.8,Jukku pallu kaloa masakan,bahan pangan
584,130.0,6.7,0.3,25.2,Kabau segar,bahan pangan
585,133.0,1.0,0.2,32.2,Kaburan ubi segar,bahan pangan
586,250.0,2.6,2.5,35.4,Kabuto,bahan pangan
587,356.0,20.5,4.1,61.6,Kacang Andong,bahan pangan
588,330.0,23.8,1.4,60.2,Kacang Arab,bahan pangan
589,533.0,27.8,38.1,28.8,Kacang atom,bahan pangan
590,341.0,30.4,3.2,51.3,Kacang babi kering,bahan pangan
591,400.0,34.4,16.9,34.1,Kacang belimbing (kecipir) kering,bahan pangan
592,204.0,16.9,8.8,17.5,Kacang Belimbing rebus,bahan pangan
593,212.0,17.5,10.0,12.9,Kacang Belimbing tempe,bahan pangan
594,118.0,4.4,1.5,21.6,Kacang beracun segar,bahan pangan
595,479.0,12.7,23.2,58.9,Kacang Bogor goreng,bahan pangan
596,370.0,16.0,6.0,65.0,Kacang bogor kering,bahan pangan
597,161.0,7.7,2.8,27.1,Kacang Bogor rebus,bahan pangan
598,165.0,7.7,3.1,27.4,Kacang bogor segar,bahan pangan
599,331.0,25.0,1.0,58.0,Kacang Endel biji,bahan pangan
600,129.0,12.4,0.7,18.3,Kacang ercis segar,bahan pangan
601,336.0,23.1,1.7,59.5,kacang galing segar,bahan pangan
602,516.0,14.7,31.1,44.4,Kacang goyang,bahan pangan
603,336.0,20.7,1.4,62.0,Kacang Gude biji,bahan pangan
604,316.0,20.7,1.0,58.0,Kacang gude biji kering,bahan pangan
605,114.0,7.0,0.6,20.8,Kacang Gude biji muda,bahan pangan
606,123.0,8.4,0.6,1.8,Kacang Gude muda,bahan pangan
607,147.0,9.0,0.5,27.5,Kacang gude rebus,bahan pangan
608,323.0,22.9,1.5,56.8,Kacang hijau kering,bahan pangan
609,109.0,8.7,0.5,18.3,kacang hijau rebus,bahan pangan
610,350.0,17.1,1.8,70.7,Kacang hijau var. bakti kering,bahan pangan
611,339.0,20.8,2.1,64.6,Kacang hijau var. siwalik kering,bahan pangan
612,346.0,16.6,1.7,66.1,Kacang hitam kering,bahan pangan
613,345.0,22.2,1.2,62.9,Kacang Ijo,bahan pangan
614,445.0,11.0,11.0,65.5,Kacang Kapri Goreng ,bahan pangan
615,98.0,6.7,0.4,17.7,Kacang Kapri muda,bahan pangan
616,286.0,30.2,15.6,30.1,Kacang Kedelai basah,bahan pangan
617,521.0,32.2,37.7,22.9,Kacang kedelai goreng,bahan pangan
618,381.0,40.4,16.7,24.9,Kacang kedelai kering,bahan pangan
619,75.0,4.1,2.1,10.7,Kacang Kedelai kukus,bahan pangan
620,189.0,20.2,8.2,12.7,Kacang kedelai rebus,bahan pangan
621,286.0,30.2,15.6,30.1,Kacang kedelai segar,bahan pangan
622,327.0,16.4,4.3,55.8,Kacang komak segar,bahan pangan
623,355.0,17.0,2.5,66.0,Kacang kuning kering,bahan pangan
624,346.0,16.5,1.5,66.6,Kacang lebui /iris kering,bahan pangan
625,22.0,1.1,1.0,3.4,Kacang mekah polong segar,bahan pangan
626,344.0,16.7,2.1,64.6,Kacang mentega kering,bahan pangan
627,336.0,23.1,1.7,59.5,Kacang Merah,bahan pangan
628,350.0,13.9,3.0,66.9,Kacang merah /banda kering,bahan pangan
629,314.0,22.1,1.1,56.2,Kacang merah kering,bahan pangan
630,158.0,10.3,0.9,28.2,Kacang Merah kering rebus,bahan pangan
631,171.0,11.0,2.2,28.0,Kacang merah segar,bahan pangan
632,144.0,10.0,1.0,24.7,Kacang Merah segar rebus,bahan pangan
633,280.0,16.7,1.6,63.2,Kacang merah tua kering,bahan pangan
634,629.0,20.4,56.3,19.8,Kacang mete/biji jambu monyet goreng,bahan pangan
635,616.0,16.3,48.4,28.7,Kacang mete/biji jambu monyet segar,bahan pangan
636,480.0,18.4,19.1,58.5,Kacang negara,bahan pangan
637,44.0,2.7,0.3,7.8,Kacang Panjang,bahan pangan
638,357.0,17.3,1.5,70.0,Kacang Panjang biji,bahan pangan
639,39.0,3.0,0.6,7.6,Kacang Panjang kukus,bahan pangan
640,150.0,2.5,12.5,7.0,Kacang Panjang tumis,bahan pangan
641,37.0,3.1,0.2,7.9,Kacang ranti polong,bahan pangan
642,484.0,8.8,26.1,57.7,Kacang sukro,bahan pangan
643,488.0,25.6,25.6,59.6,Kacang Sukro Putih ,bahan pangan
644,535.0,27.8,38.1,28.8,Kacang Tanah atom,bahan pangan
645,564.0,25.5,44.4,25.5,Kacang tanah goreng,bahan pangan
646,561.0,25.5,43.8,26.0,Kacang Tanah kacang sari,bahan pangan
647,525.0,27.9,42.7,17.4,Kacang tanah kering,bahan pangan
648,385.0,14.0,31.0,13.0,Kacang Tanah Rebus ,bahan pangan
649,360.0,13.5,31.2,12.8,Kacang Tanah rebus berkulit,bahan pangan
650,513.0,17.5,32.5,44.3,Kacang Tanah rempeyek,bahan pangan
651,569.0,28.8,48.4,15.8,Kacang Tanah sangan berselaput,bahan pangan
652,559.0,26.9,44.2,23.6,Kacang tanah sangan tanpa selaput,bahan pangan
653,561.0,25.5,43.8,26.0,Kacang tanah sari,bahan pangan
654,748.0,20.8,20.8,124.8,Kacang Telur ,lauk
655,331.0,24.4,1.9,56.6,Kacang tolo / tunggak kering,bahan pangan
656,138.0,10.7,1.1,22.6,Kacang tolo rebus,bahan pangan
657,342.0,22.9,1.4,61.6,Kacang Tunggak (tolo),bahan pangan
658,138.0,10.7,1.1,22.6,Kacang Tunggak rebus,bahan pangan
659,451.0,11.2,20.2,59.7,Kacang Tunggak rempeyek,bahan pangan
660,351.0,12.2,1.2,72.9,Kacang tunis kering,bahan pangan
661,358.0,23.4,2.4,60.6,Kacang uci kering,bahan pangan
662,354.0,12.8,1.8,69.3,Kacang urei kering,bahan pangan
663,110.0,4.5,6.9,7.1,Kadada katembe,bahan pangan
664,413.0,28.7,19.8,29.8,Kaholeo masakan,bahan pangan
665,92.0,20.0,0.7,0.0,Kakap,bahan pangan
666,66.0,2.8,6.8,3.4,Kalakai,bahan pangan
667,163.0,16.5,9.0,4.1,Kalio jeroan masakan,bahan pangan
668,122.0,13.8,5.7,3.9,Kalio kikil (tunjang) masakan,bahan pangan
669,157.0,8.1,8.8,11.4,Kalio otak masakan,bahan pangan
670,193.0,10.6,12.4,9.7,Kalio telur masakan,lauk
671,149.0,16.6,9.2,0.0,Kambing daging segar,lauk
672,164.0,3.0,2.4,32.6,Kambose,bahan pangan
673,29.0,3.0,0.3,5.4,Kangkung,sayur
674,30.0,3.2,0.7,4.7,Kangkung kukus,sayur
675,22.0,2.5,0.6,3.1,Kangkung rebus,sayur
676,43.0,1.8,0.2,8.4,Kangkung tondano,sayur
677,52.0,1.8,3.6,3.0,Kangkung tumis,sayur
678,38.0,2.4,2.0,2.6,Kaparende sayur,sayur
679,42.0,3.3,0.2,9.6,Kapri Muda,bahan pangan
680,41.0,2.0,0.3,7.8,Kapurung,bahan pangan
681,158.0,4.4,3.2,27.8,Kapusa,bahan pangan
682,25.0,2.3,0.2,3.5,Karawila,bahan pangan
683,146.7,5.9,5.9,19.7,Karedok ,bahan pangan
684,92.0,2.2,3.3,14.1,Karedok sayur,sayur
685,292.0,11.2,11.2,2.8,Karoket ,bahan pangan
686,73.0,16.4,0.3,0.0,Katak,bahan pangan
687,275.0,12.6,14.8,54.6,Katul Beras,bahan pokok
688,356.0,9.0,8.5,64.5,Katul Jagung,bahan pangan
689,120.0,3.5,2.5,20.8,Kawista segar,bahan pangan
690,46.0,5.7,1.3,9.0,Kecap,bahan pangan
691,464.0,1.2,18.6,73.0,Kecimpring singkong goreng,bahan pangan
692,405.0,32.8,17.0,36.5,Kecipir biji,bahan pangan
693,35.0,2.9,0.2,0.8,Kecipir buah muda,buah
694,32.0,2.9,0.2,5.8,Kecipir muda segar,bahan pangan
695,34.0,0.9,1.0,6.7,Kecombrang segar,bahan pangan
696,47.0,0.5,0.2,10.4,Kedondong segar ,bahan pangan
697,326.0,22.8,20.3,13.1,Keju,bahan pangan
698,590.0,27.0,49.0,20.9,Keju Kacang Tanah,bahan pangan
699,623.0,2.0,52.1,36.5,Kelapa hutan kering,bahan pangan
700,17.0,0.2,0.1,3.8,Kelapa Muda air,bahan pangan
701,68.0,1.0,0.9,14.0,Kelapa Muda daging,lauk
702,180.0,4.0,15.0,10.0,Kelapa Setengah Tua daging,lauk
703,359.0,3.4,34.7,14.0,Kelapa Tua daging,lauk
704,214.0,5.4,5.4,40.2,Kelepon ,bahan pangan
705,111.0,1.5,0.3,27.2,Kelewih,bahan pangan
706,142.0,16.9,7.8,0.0,Kelinci daging segar,lauk
707,48.0,1.0,0.2,11.9,Kemang,bahan pangan
708,380.0,48.9,13.8,23.3,Kembang tahu,bahan pangan
709,44.0,1.8,0.6,9.6,Kembang Turi,bahan pangan
710,636.0,19.0,63.0,8.0,Kemiri,bahan pangan
711,657.0,15.0,66.0,13.0,Kenari,bahan pangan
712,616.0,13.9,56.2,13.7,Kenari banda kering,bahan pangan
713,83.0,2.0,0.1,19.1,Kentang,bahan pangan
714,142.0,0.9,0.4,33.7,Kentang Hitam,bahan pangan
715,64.0,12.0,1.0,2.0,Keong,bahan pangan
716,204.0,2.6,20.0,4.0,Kepala Susu (Krim),bahan pangan
717,151.0,13.8,3.8,14.1,Kepiting,bahan pangan
718,59.0,18.0,1.1,3.6,Kerang,bahan pangan
719,393.0,38.9,13.3,29.4,Kerang asap mentah,bahan pangan
720,357.0,41.1,10.0,25.6,Kerang dendeng mentah,bahan pangan
721,79.0,18.7,0.5,0.0,Kerbau daging segar,lauk
722,475.0,1.6,25.5,64.4,Keremes,bahan pangan
723,137.0,1.3,1.1,29.8,Keribang ubi segar,bahan pangan
724,586.0,4.9,40.6,50.2,Keripik bayam,lauk
725,446.0,2.8,14.5,76.0,Keripik gadung,bahan pangan
726,448.0,2.7,18.8,67.1,Keripik kentang,bahan pangan
727,485.0,1.7,22.2,69.7,Keripik lampung,bahan pangan
728,598.0,8.3,43.8,42.6,Keripik oncom,bahan pangan
729,478.0,0.9,20.7,72.0,Keripik singkong,bahan pangan
730,481.0,2.2,19.7,73.6,Keripik singkong berbumbu,bumbu
731,581.0,12.1,40.6,41.7,Keripik tempe,bahan pangan
732,542.0,40.3,42.4,11.6,Keripik tempe abadi murni,bahan pangan
733,510.0,12.3,27.9,52.4,Keripik tempe abadi sedang,bahan pangan
734,529.0,20.8,31.7,40.2,Keripik tempe abadi telur,lauk
735,486.0,0.2,23.9,67.6,Keripik ubi,bahan pangan
736,26.0,1.7,0.4,3.8,Kerokot segar,bahan pangan
737,350.0,0.5,0.2,85.9,Kerupuk Aci,bahan pangan
738,444.0,6.9,14.6,71.3,Kerupuk cumi goreng,bahan pangan
739,342.0,16.0,0.4,65.6,Kerupuk Ikan berpati,lauk
740,325.0,1.8,0.4,78.5,Kerupuk kemplang  (ikan) mentah,lauk
741,504.0,5.6,28.1,57.1,Kerupuk kemplang goreng,bahan pangan
742,356.0,9.7,1.1,76.9,Kerupuk kemplang panggang,bahan pangan
743,422.0,83.0,4.0,0.0,Kerupuk Kulit kerbau,bahan pangan
744,345.0,12.0,1.5,71.5,Kerupuk Melinjo mentah,bahan pangan
745,431.0,11.1,16.2,63.0,Kerupuk Melinjo tebal goreng asin,bahan pangan
746,439.0,10.0,16.4,65.7,Kerupuk Melinjo tebal goreng manis,bahan pangan
747,485.0,11.5,24.5,59.1,Kerupuk Melinjo tipis goreng,bahan pangan
748,476.0,0.1,21.1,71.3,Kerupuk mie kuning goreng,bahan pangan
749,46.7,17.3,17.3,81.3,Kerupuk Sayong ,bahan pangan
750,340.0,30.0,30.0,52.0,Kerupuk Udang ,bahan pangan
751,359.0,17.2,68.2,332.0,Kerupuk Udang berpati,bahan pangan
752,477.0,4.7,20.5,68.5,Kerupuk udang goreng,bahan pangan
753,588.0,53.7,40.9,1.2,Kerupuk urat,bahan pangan
754,78.0,0.8,0.4,20.0,Kesemek,bahan pangan
755,181.0,4.0,1.2,37.3,Ketan hitam matang,bahan pangan
756,163.0,3.0,0.4,35.7,Ketan putih matang,bahan pangan
757,340.0,11.0,11.0,54.0,Ketapang ,bahan pangan
758,157.0,0.8,0.3,37.9,Ketela Pohon Kuning,bahan pangan
759,154.0,1.0,0.3,36.8,Ketela singkong segar,bahan pangan
760,153.0,1.2,0.3,36.4,Ketela pohon/singkong kukus,bahan pangan
761,12.0,0.7,0.1,2.7,Ketimun,bahan pangan
762,9.0,0.5,0.1,1.9,Ketimun madura segar,bahan pangan
763,153.0,7.9,7.7,13.0,Ketoprak,bahan pangan
764,404.0,14.1,16.1,54.2,Ketumbar,bahan pangan
765,212.0,4.0,4.6,38.6,Ketupat ketan,bahan pangan
766,109.6,2.6,2.6,18.6,Ketupat Tahu ,bahan pangan
767,310.0,10.0,24.0,13.5,Kluwek,bahan pangan
768,73.0,16.4,0.3,0.0,Kodok segar,bahan pangan
769,86.0,1.6,0.2,13.0,Kokosan,bahan pangan
770,99.0,3.3,0.1,21.2,Komak polong segar,bahan pangan
771,25.0,2.4,0.2,4.9,Kool Kembang,bahan pangan
772,24.0,1.4,0.2,5.3,Kool Merah kool putih,bahan pangan
773,352.0,17.4,1.3,69.0,Kopi bagian yang larut,bahan pangan
774,129.0,12.3,0.5,35.0,Kopi bubuk instant,bahan pangan
775,356.0,20.5,4.1,61.6,Koro andong kering,bahan pangan
776,332.0,24.0,3.0,55.0,Koro Benguk biji,bahan pangan
777,141.0,10.2,1.3,23.2,Koro Benguk tempe,bahan pangan
778,125.0,8.3,0.7,22.1,Koro Kerupuk biji,bahan pangan
779,33.0,2.7,0.2,7.9,Koro Loke biji,bahan pangan
780,344.0,12.5,2.1,69.4,Koro Roway biji,bahan pangan
781,338.0,22.2,1.5,61.0,Koro Wedus biji,bahan pangan
782,38.0,3.0,0.3,7.9,Koro Wedus buah muda,buah
783,46.0,3.0,0.3,7.9,Koro wedus polong,bahan pangan
784,46.0,2.2,1.5,6.0,Kotiu hinela tawang nggole,bahan pangan
785,366.0,4.2,4.3,77.5,Koya,bahan pangan
786,370.0,8.0,1.0,82.2,Koya mirasa,bahan pangan
787,315.0,2.1,1.4,73.5,Kranji segar,bahan pangan
788,542.0,40.3,42.4,11.5,Kripik Tempe Goreng ,bahan pangan
789,21.0,1.7,0.4,3.8,Krokot,bahan pangan
790,45.0,2.2,0.3,10.3,Kucai,bahan pangan
791,42.0,3.8,0.6,7.8,Kucai Muda (Lokio),bahan pangan
792,113.0,18.1,4.1,0.9,Kuda daging segar,lauk
793,440.0,3.8,18.5,64.5,Kue ali,bahan pangan
794,186.7,1.6,1.6,39.6,Kue Apem ,bahan pangan
795,338.0,1.5,1.2,80.3,Kue bangket,bahan pangan
796,240.0,1.0,4.0,54.0,Kue Bugis ,bahan pangan
797,425.0,1.6,8.8,84.6,Kue jahe,bahan pangan
798,591.0,5.6,42.1,47.5,Kue kelapa,bahan pangan
799,366.0,4.2,4.3,7.9,Kue Koya ,bahan pangan
800,291.0,3.6,11.1,44.1,Kue lumpur,bahan pangan
801,182.0,1.0,1.0,40.4,Kue mangkok ,bahan pangan
802,126.7,0.7,0.7,57.3,Kue Pacar Cina ,bahan pangan
803,296.0,1.4,1.4,66.4,Kue Pia ,bahan pangan
804,304.0,5.3,7.0,54.9,Kue putu cangkir,bahan pangan
805,217.0,1.2,0.5,53.2,Kue putu singkong,bahan pangan
806,393.3,2.7,2.7,79.3,Kue Satu ,bahan pangan
807,380.0,1.0,1.0,92.0,Kue Semprong ,bahan pangan
808,221.0,7.5,10.2,24.8,Kue sus,bahan pangan
809,180.0,5.0,5.0,32.0,Kue Talam ,bahan pangan
810,512.0,26.0,26.0,60.4,Kue Tambang ,bahan pangan
811,247.0,2.9,4.2,49.5,Kue thipan,bahan pangan
812,111.0,4.5,1.1,20.7,Kulit melinjo,bahan pangan
813,22.0,0.4,0.2,4.7,Kundur segar,bahan pangan
814,63.0,2.0,2.7,9.1,Kunyit,bahan pangan
815,83.0,19.1,0.2,0.0,Kura-kura,bahan pangan
816,515.0,30.6,42.1,13.8,Kwaci,bahan pangan
817,242.0,19.0,17.0,3.0,Kwark (Quark),bahan pangan
818,17.0,0.6,0.2,3.8,Labu Air,bahan pangan
819,51.0,1.7,0.5,10.0,Labu kuning segar,bahan pangan
820,26.0,0.6,0.1,6.7,Labu Siam,bahan pangan
821,32.0,1.1,0.1,6.6,Labu waluh segar,bahan pangan
822,166.3,2.7,3.9,29.5,Laksa ,bahan pangan
823,85.0,5.7,0.3,15.4,Lamtoro (pete cina) biji muda,bahan pangan
824,148.0,10.6,0.5,26.2,Lamtoro biji tua,bahan pangan
825,142.0,11.0,2.5,20.4,Lamtoro tempe,bahan pangan
826,367.0,46.4,5.4,32.5,Lamtoro var. gung tanpa kulit,bahan pangan
827,336.0,23.8,1.2,59.7,Lamtoro var. lokal dengan kulit,bahan pangan
828,56.0,0.9,0.2,14.3,Langsat,bahan pangan
829,34.0,2.2,0.3,5.5,Lantar segar,bahan pangan
830,422.0,0.9,10.8,80.4,Lanting getuk,bahan pangan
831,389.0,6.6,15.7,55.5,Lapis legit,bahan pangan
832,174.0,17.0,10.0,3.0,Lawar babi masakan,bahan pangan
833,141.0,23.0,1.5,7.6,Lawar penyu masakan,bahan pangan
834,159.0,5.0,10.9,10.1,Lawara jangang masakan,bahan pangan
835,207.0,7.4,15.4,9.6,Lawara penjah masakan,bahan pangan
836,405.0,4.8,5.1,84.9,Ledre pisang,buah
837,15.0,1.0,0.4,1.9,Lema/ Rebung asam,bahan pangan
838,902.0,0.0,100.0,0.0,Lemak Babi,bahan pangan
839,630.0,9.1,65.0,1.1,Lemak Babi (Bacon),bahan pangan
840,372.0,12.0,29.4,14.4,Lemak ikan,lauk
841,818.0,1.5,90.0,0.0,Lemak Kerbau,bahan pangan
842,34.0,0.5,0.8,6.2,Lemon segar,bahan pangan
843,36.0,0.0,0.0,10.0,Lemon Squasih,bahan pangan
844,30.0,0.0,0.0,8.0,Lemonade,bahan pangan
845,221.3,3.8,3.6,43.4,Lemper ,bahan pangan
846,320.0,3.5,5.7,63.7,Lempog durian,bahan pangan
847,181.0,2.8,1.2,39.8,Lepok/Ubi rumput,bahan pangan
848,33.0,1.9,0.1,7.4,Leunca buah,buah
849,240.0,7.8,0.5,51.3,Leupeut Ketan ,bahan pangan
850,387.0,16.0,22.0,3.0,Leverwost (sosis hati),bahan pangan
851,79.0,2.3,5.2,5.8,Lilin bungkus gedi,bahan pangan
852,19.0,0.9,0.1,4.2,Lobak,bahan pangan
853,217.0,11.0,1.7,5.1,Lokan segar,bahan pangan
854,27.0,0.4,0.2,6.0,Lontar segar,bahan pangan
855,163.3,2.8,2.2,33.0,Lopis ,bahan pangan
856,38.0,1.1,0.3,7.6,Lumai/Leunca segar,bahan pangan
857,164.0,1.8,2.1,34.5,Lupis ketan,bahan pangan
858,294.0,0.3,0.0,79.5,Madu,bahan pangan
859,341.0,0.3,0.0,85.0,Maizena tepung,bahan pokok
860,363.0,8.7,0.4,78.7,Makaroni,bahan pangan
861,63.0,2.4,0.4,12.4,Mangga benggala segar,bahan pangan
862,44.0,0.7,0.2,11.2,Mangga Gedong,bahan pangan
863,63.0,0.5,0.2,16.7,Mangga Golek,bahan pangan
864,46.0,0.4,0.2,11.9,Mangga Harum Manis,bahan pangan
865,72.0,0.8,0.2,18.7,Mangga Indramayu,bahan pangan
866,56.0,0.4,0.2,14.6,Mangga Kopek,bahan pangan
867,86.0,0.7,0.5,19.8,Mangga kwini segar,bahan pangan
868,133.0,1.0,0.1,32.1,Mangga manalagi segar,bahan pangan
869,59.0,0.5,0.4,15.1,Mangga Muda,bahan pangan
870,52.0,0.7,0.0,12.3,Mangga segar,bahan pangan
871,63.0,0.6,0.6,15.6,Manggis,bahan pangan
872,720.0,0.6,81.0,0.4,Margarin,bahan pangan
873,144.0,3.5,1.2,29.8,Markisa segar,bahan pangan
874,217.0,2.5,1.0,49.6,Markisa squash,bahan pangan
875,104.0,1.2,0.5,23.7,Markisa squash BD,bahan pangan
876,265.3,4.7,5.5,49.3,Martabak  manis,bahan pangan
877,153.0,4.5,4.2,24.3,Martabak india,bahan pangan
878,278.0,5.1,8.6,45.0,Martabak mesir,bahan pangan
879,200.0,8.9,5.1,29.5,Martabak Telur ,lauk
880,369.0,2.1,7.0,74.1,Masekat,bahan pangan
881,90.0,1.2,0.1,21.1,Matoa segar,bahan pangan
882,276.0,0.0,0.1,71.0,Melase,bahan pangan
883,66.0,5.0,0.7,13.3,Melinjo,bahan pangan
884,37.0,0.6,0.4,7.8,Melon segar,bahan pangan
885,322.0,55.8,2.0,22.7,Menjangan daging dendeng mentah,lauk
886,725.0,0.5,81.6,1.4,Mentega,bahan pangan
887,65.0,1.7,0.2,16.1,Menteng,bahan pangan
888,359.0,11.5,6.8,64.4,Merica,bahan pangan
889,88.0,0.6,3.3,14.0,Mi basah,bahan pangan
890,71.0,0.2,0.8,15.9,Mi golosor,bahan pangan
891,339.0,10.0,1.7,6.3,Mi kering,bahan pangan
892,113.0,3.0,3.2,18.1,Mie aceh rebus,bahan pangan
893,102.0,6.2,3.9,10.5,Mie ayam,lauk
894,114.0,5.3,3.0,16.4,Mie bakso,bahan pangan
895,86.0,0.6,3.3,14.0,Mie basah,bahan pangan
896,353.0,0.3,0.0,88.0,Mie Bendo,bahan pangan
897,102.0,3.0,2.1,17.8,Mie celon,bahan pangan
898,468.0,7.6,20.4,62.4,Mie Goreng ,bahan pangan
899,337.0,7.9,11.8,50.0,Mie kering,bahan pangan
900,105.0,5.9,4.9,9.4,Mie pangsit basah,bahan pangan
901,190.0,0.2,0.4,46.5,Mie Sagu,bahan pangan
902,902.0,0.0,100.0,0.0,Minyak Hati Hiu (Eulamia),bumbu
903,902.0,0.0,100.0,0.0,Minyak Ikan,lauk
904,902.0,0.0,100.0,0.0,Minyak Kacang Tanah,bumbu
905,883.0,0.0,99.9,0.0,Minyak kedelai,bumbu
906,870.0,1.0,98.0,0.0,Minyak Kelapa,bumbu
907,902.0,0.0,100.0,0.0,Minyak Kelapa Sawit,bumbu
908,902.0,0.0,100.0,0.0,Minyak Wijen,bumbu
909,884.0,0.0,100.0,0.0,Minyak Zaitun,bumbu
910,345.0,8.5,2.2,78.0,Misoa,bahan pangan
911,218.0,0.8,16.0,50.2,Misro ,bahan pangan
912,128.0,8.0,10.0,1.3,Moon tahu,bahan pangan
913,33.0,2.3,0.5,4.7,Mostarda metan -sawi,bahan pangan
914,330.0,17.8,23.4,12.1,Mujahir acar kuning masakan,bahan pangan
915,478.0,38.3,33.9,5.1,Naan maran sapi masakan,bahan pangan
916,52.0,0.4,0.2,13.7,Nanas,bahan pangan
917,58.0,0.7,0.2,13.3,Nanas palembang segar,bahan pangan
918,165.0,4.2,0.1,36.7,Nangka biji,bahan pangan
919,106.0,1.2,0.3,27.6,Nangka masak di pohon,bahan pangan
920,51.0,2.0,0.4,11.3,Nangka Muda,bahan pangan
921,180.0,3.0,0.3,39.8,Nasi,bahan pangan
922,149.0,2.8,0.4,32.5,Nasi beras merah,bahan pokok
923,192.0,3.8,8.8,24.4,Nasi gemuk,bahan pangan
924,276.0,3.2,3.2,30.2,Nasi Goreng ,bahan pangan
925,190.0,4.7,7.5,26.0,Nasi gurih,bahan pangan
926,357.0,8.8,0.5,79.5,Nasi jagung,bahan pangan
927,207.0,3.5,5.0,37.1,Nasi minyak,bumbu
928,155.0,10.3,4.2,19.1,Nasi rames,bahan pangan
929,120.0,2.4,0.4,26.0,Nasi tim,bahan pangan
930,253.3,4.3,21.0,11.7,Nasi Uduk ,bahan pangan
931,196.0,14.5,8.3,15.9,Nasu likku masakan,bahan pangan
932,600.0,14.0,41.7,42.0,Noga Kacang Tanah ,bahan pangan
933,387.0,5.3,7.6,74.3,Nopia spesial,bahan pangan
934,9.0,2.1,6.0,7.1,Olah-olah,bahan pangan
935,187.0,13.0,6.0,22.6,Oncom,bahan pangan
936,376.0,14.9,6.0,65.7,Oncom ampas kacang hijau,bahan pangan
937,363.3,19.3,19.3,40.3,Oncom Goreng ,bahan pangan
938,284.0,12.0,14.4,13.6,Oncom Hitam Goreng ,bahan pangan
939,306.7,9.0,18.0,27.0,Oncom Hitam Goreng bertepung ,bahan pokok
940,351.0,11.0,5.3,65.9,Oncom kacang hijau + singkong,bahan pangan
941,132.0,12.7,3.8,13.7,Oncom Kacang Tanah pepes,bahan pangan
942,187.0,13.0,6.0,22.6,Oncom Kedele,bahan pangan
943,368.0,6.8,32.0,13.2,Oncom Merah Goreng ,bahan pangan
944,320.0,7.3,18.7,31.0,Oncom Merah Goreng bertepung ,bahan pokok
945,40.0,2.0,2.0,3.0,Oncom Merah Sayur (tumis) ,sayur
946,76.0,5.2,1.8,10.6,Oncom pepes,bahan pangan
947,288.6,8.3,8.9,44.3,Onde-onde ,bahan pangan
948,115.0,1.5,6.0,14.0,Ongol-ongol ,bahan pangan
949,111.0,0.3,2.7,21.2,Ongol-ongol sagu,bahan pangan
950,940.0,36.0,42.0,104.0,Opak Singkong ,bahan pangan
951,117.0,13.7,5.0,4.3,Oramu ninahu ndawa olaho masakan,bahan pangan
952,125.0,10.4,8.6,0.8,Otak,bahan pangan
953,351.0,0.9,0.9,84.9,Oyek,bahan pangan
954,342.0,2.3,0.1,83.1,Oyek (dari singkong),bahan pangan
955,77.0,3.5,4.6,5.4,Paku hinela wulelenggapaya,bahan pangan
956,494.0,7.5,36.4,40.1,Pala biji,bahan pangan
957,42.0,0.3,0.2,10.9,Pala daging,lauk
958,460.0,28.5,35.2,7.2,Paniki masak santan masakan,bahan pangan
959,133.8,3.0,1.6,27.0,Papais ,bahan pangan
960,61.0,0.2,0.1,14.9,Papeda,bahan pangan
961,87.0,10.5,2.5,5.5,Parede baleh masakan,bahan pangan
962,29.0,1.1,0.3,6.6,Paria (Pare),bahan pangan
963,16.0,0.8,0.2,3.4,Paria Putih kukus,bahan pangan
964,19.0,1.0,0.4,3.6,Paria putih segar,bahan pangan
965,307.0,4.5,13.3,42.4,Pastel,bahan pangan
966,362.0,0.5,0.3,86.9,Pati Singkong (tapioka),bahan pangan
967,23.0,1.8,0.3,4.5,Pe-Cay,bahan pangan
968,156.0,28.0,4.0,0.0,Peda Ikan Banjar,lauk
969,75.0,2.5,2.8,10.0,Pelecing kangkung,sayur
970,219.0,19.7,13.6,4.4,Pelepah manuk masakan,bahan pangan
971,162.0,4.9,3.0,27.8,Pempek adaan,bahan pangan
972,156.0,4.2,1.4,31.6,Pempek belida,bahan pangan
973,152.0,4.5,2.3,28.2,Pempek kapal selam,bahan pangan
974,211.0,12.3,6.1,26.6,Pempek kelesan,bahan pangan
975,243.0,5.2,7.3,39.1,Pempek kulit,bahan pangan
976,173.0,7.2,1.2,33.4,Pempek tenggiri,bahan pangan
977,372.0,7.8,36.3,3.5,Pencok lele masakan,bahan pangan
978,174.0,13.1,12.2,2.2,Penyu serapah masakan,bahan pangan
979,19.0,0.6,0.1,3.9,Pepare ular segar,bahan pangan
980,275.0,11.6,11.6,30.2,Pepaya lodeh,bahan pangan
981,26.0,2.1,0.1,4.9,Pepaya Muda,bahan pangan
982,46.0,0.5,12.0,12.2,Pepaya segar,bahan pangan
983,76.0,5.2,1.8,10.6,Pepea oncom ampas tahu,bahan pangan
984,400.0,0.0,0.0,95.0,Permen ,bahan pangan
985,142.0,10.4,2.0,22.0,Pete Segar,bahan pangan
986,50.0,3.7,1.0,9.0,Peterseli,bahan pangan
987,161.0,20.0,0.2,24.0,Petis Ikan,lauk
988,220.0,15.0,0.1,40.0,Petis Udang,bahan pangan
989,345.0,23.8,1.4,59.3,Petis udang kering,bahan pangan
990,220.0,15.0,0.9,38.0,Petis udang pasta,bahan pangan
991,514.0,1.0,27.8,647.0,Pilus ,bahan pangan
992,107.0,15.9,0.6,0.4,Pinda masakan,bahan pangan
993,157.0,28.0,4.2,0.0,Pindang Ikan Banjar,lauk
994,170.0,31.0,4.2,0.0,Pindang Ikan Benggol,lauk
995,153.0,30.0,2.8,0.0,Pindang Ikan Layang,lauk
996,142.0,27.0,3.0,0.0,Pindang Ikan Selar Kecil,lauk
997,124.0,9.5,9.6,0.0,Pindang kenari masakan,bahan pangan
998,99.0,1.2,0.2,25.8,Pisang Ambon,buah
999,68.0,1.3,0.2,17.2,Pisang angleng (pisang ampyang) segar,buah
1000,120.0,1.1,0.2,26.8,Pisang ayam segar,lauk
1001,127.0,2.1,0.3,31.1,Pisang gapi segar ,buah
1002,220.0,2.3,2.3,6.3,Pisang Goreng ,buah
1003,115.0,1.9,0.2,27.9,Pisang goroho segar,buah
1004,117.0,2.0,0.3,28.9,Pisang hijau segar,buah
1005,100.0,1.4,0.5,23.6,Pisang kayu segar,buah
1006,109.0,0.8,0.5,26.3,Pisang kepok segar,buah
1007,145.0,1.1,0.3,34.5,Pisang ketip segar,buah
1008,96.0,1.0,0.2,22.5,Pisang kidang segar,buah
1009,99.0,1.3,0.2,25.6,Pisang Lampung,buah
1010,127.0,1.4,0.2,33.6,Pisang Mas,buah
1011,127.0,1.4,0.2,31.8,Pisang mas bali,buah
1012,134.0,1.1,0.5,35.5,Pisang Oli,buah
1013,120.0,1.2,0.2,31.8,Pisang Raja,buah
1014,118.0,1.2,0.2,31.1,Pisang Raja Sere (Susu),buah
1015,98.0,1.3,1.2,20.5,Pisang rotan segar,buah
1016,625.0,1.0,0.0,8.1,Pisang Siam goreng,buah
1017,113.0,1.2,0.2,26.7,Pisang talas segar,buah
1018,45.0,2.2,0.3,10.3,Prey (bawang daun),bahan pangan
1019,33.0,4.5,0.4,2.8,Pucuk lumai/daun leunca segar,bahan pangan
1020,216.0,2.6,3.1,44.4,Pulut,bahan pangan
1021,224.0,26.2,11.3,4.4,Punai daging goreng,lauk
1022,104.0,1.9,4.1,15.1,Pundut nasi,bahan pangan
1023,25.0,1.5,0.5,3.6,Purundawa,bahan pangan
1024,76.0,4.1,1.1,15.2,Purut segar,bahan pangan
1025,76.0,3.6,0.3,14.6,Putri malu segar,bahan pangan
1026,163.0,2.2,6.5,23.8,Putri selat,bahan pangan
1027,200.0,1.0,2.4,43.8,Putu Mayang ,bahan pangan
1028,136.0,43.0,2.4,3.0,Ragi,bahan pangan
1029,76.0,12.1,2.0,2.4,Rajungan segar,bahan pangan
1030,69.0,0.9,0.1,18.1,Rambutan,bahan pangan
1031,11.0,0.0,0.0,2.7,Rambutan Aceh,bahan pangan
1032,76.0,0.5,0.2,18.0,Rambutan binjai segar,bahan pangan
1033,4.0,0.0,0.0,0.9,Rambutan sinyonya,bahan pangan
1034,295.0,7.3,8.5,47.5,Rarawuan ,bahan pangan
1035,394.0,2.2,8.8,76.6,Rasbi (Beras Ubi),bahan pokok
1036,350.0,0.9,0.4,85.7,Rasi (Beras Singkong),bahan pokok
1037,60.0,5.4,2.5,4.0,Rawon masakan,bahan pangan
1038,81.0,16.2,1.2,0.7,Rebon (udang kecil segar),bahan pangan
1039,299.0,29.4,3.6,3.2,Rebon kering,bahan pangan
1040,81.0,16.2,1.2,0.7,Rebon udang kecil segar,bahan pangan
1041,27.0,0.6,0.3,5.2,Rebung,bahan pangan
1042,320.0,7.2,4.2,63.3,Rebung laut mentah,bahan pangan
1043,451.0,11.2,20.2,59.7,Rempeyek kacang tolo,bahan pangan
1044,497.0,17.0,27.6,50.8,Rempeyek kacang uci,bahan pangan
1045,193.0,22.6,7.9,7.8,Rendang sapi masakan,bahan pangan
1046,471.0,4.7,21.8,64.1,Renggi goreng,bahan pangan
1047,75.0,1.6,0.6,15.8,Rimbang segar,bahan pangan
1048,335.0,5.3,3.5,70.5,Risoles ,bahan pangan
1049,341.0,5.5,16.2,43.3,Roti boong,bahan pangan
1050,350.0,7.5,2.0,75.5,Roti Gambang ,bahan pangan
1051,248.0,8.0,1.2,50.0,Roti Putih,bahan pangan
1052,249.0,7.9,1.5,49.7,Roti warna sawo matang,bahan pangan
1053,153.0,11.3,8.4,8.0,Rujak cingur,bahan pangan
1054,41.0,1.4,0.3,8.1,Rumput laut,bahan pangan
1055,536.0,40.5,41.5,0.0,Rusa daging dendeng mentah,lauk
1056,110.0,11.5,2.0,11.7,Rusip,bahan pangan
1057,198.0,24.6,10.7,0.9,RW anjing masakan,bahan pangan
1058,449.0,30.6,25.5,31.9,Saga biji tanpa kulit,bahan pangan
1059,338.0,0.6,0.3,83.1,Sagu Ambon ,bahan pangan
1060,355.0,0.6,1.1,85.6,Sagu aren kering,bahan pangan
1061,231.0,0.6,0.2,56.6,Sagu aren segar,bahan pangan
1062,291.0,0.5,4.0,63.4,Sagu forno,bahan pangan
1063,230.0,0.6,0.2,56.5,Sagu kasbi segar,bahan pangan
1064,452.0,2.8,14.8,76.8,Sagu Lemak (Kue Sagon),bahan pangan
1065,347.0,0.9,0.3,85.2,Sagu lempeng,bahan pangan
1066,364.0,0.1,0.2,90.5,Sagu Rendang,bahan pangan
1067,362.0,0.5,0.3,86.9,Sagu singkong kering,bahan pangan
1068,354.0,0.8,8.3,68.9,Sagu sinole,bahan pangan
1069,57.0,0.5,0.1,13.6,Salak bali segar,bahan pangan
1070,55.0,0.4,0.2,12.8,Salak medan segar,bahan pangan
1071,87.0,0.8,0.4,20.1,Salak pondoh segar,bahan pangan
1072,281.0,2.4,0.7,66.1,Sale pisang siam,buah
1073,122.0,2.0,10.0,7.6,Santan (dengan air),bahan pangan
1074,324.0,4.2,34.3,55.6,Santan (kelapa saja),bahan pangan
1075,324.0,4.2,34.3,5.6,Santan murni,bahan pangan
1076,98.0,2.0,0.4,24.5,Saos Tomat,bahan pangan
1077,212.0,18.0,10.6,59.3,Sapi abon,bahan pangan
1078,108.0,17.6,4.2,0.0,Sapi babat segar,bahan pangan
1079,182.0,32.0,6.0,0.0,Sapi daging asap,lauk
1080,301.0,55.0,9.0,0.0,Sapi daging dendeng mentah,lauk
1081,273.0,17.5,22.0,0.0,Sapi daging gemuk segar,lauk
1082,289.0,16.0,25.0,0.0,Sapi daging kornet,lauk
1083,174.0,19.6,10.0,0.0,Sapi daging kurus segar,lauk
1084,201.0,18.8,14.0,0.0,Sapi daging lemak sedang segar,lauk
1085,448.0,14.5,42.3,2.3,Sapi daging sosis (Worst),lauk
1086,183.0,12.0,14.4,1.4,Sapi daleman segar,bahan pangan
1087,98.0,21.9,1.1,0.0,Sapi dideh/darah,bahan pangan
1088,137.0,15.0,8.1,0.9,Sapi ginjal segar,bahan pangan
1089,274.0,16.0,22.0,3.0,Sapi hati sosis (liverworst),bahan pangan
1090,84.0,10.5,4.6,0.2,Sapi keleponan segar,bahan pangan
1091,132.0,19.7,3.2,6.0,Sapi liver segar,bahan pangan
1092,123.0,10.4,8.6,0.8,Sapi otak segar,bahan pangan
1093,360.0,57.3,6.0,19.2,Sapi paru dendeng mentah,bahan pangan
1094,268.0,23.9,12.7,14.5,Sapi paru goreng,bahan pangan
1095,126.0,14.0,7.2,1.5,Sapi usus segar,bahan pangan
1096,281.0,37.5,0.3,32.1,Sarang Burung,bahan pangan
1097,338.0,21.1,27.0,1.0,Sardines dalam kaleng,bahan pangan
1098,344.0,30.0,20.0,43.0,Sari Kedelai bubuk,bahan pangan
1099,166.0,2.3,2.8,32.9,Sarimuka,bahan pangan
1100,283.0,12.1,16.8,20.9,Sate Bandeng,bahan pangan
1101,110.0,15.5,0.5,11.5,Sate Kulit ,bahan pangan
1102,179.0,22.5,3.5,13.3,Sate penyu masakan,bahan pangan
1103,274.0,12.9,18.6,13.6,Sate pusut masakan,bahan pangan
1104,126.7,14.0,7.3,1.3,Sate Usus ,bahan pangan
1105,22.0,2.3,0.3,4.0,Sawi,bahan pangan
1106,9.0,1.0,0.1,1.7,Sawi putih / pecai segar,bahan pangan
1107,30.0,1.9,0.5,4.4,Sawi taiwan segar,bahan pangan
1108,19.0,1.3,0.2,2.9,Sawi tanah segar,bahan pangan
1109,92.0,0.5,1.1,22.4,Sawo,bahan pangan
1110,64.0,1.0,3.1,8.0,Sawo duren segar,bahan pangan
1111,111.0,0.9,2.3,21.6,Sawo kecik segar,bahan pangan
1112,92.0,0.5,1.1,22.4,Sawo Manila segar,bahan pangan
1113,29.0,0.7,0.6,5.0,Sayur asem,sayur
1114,49.0,1.7,0.3,9.8,Sayur bunga pepaya,sayur
1115,178.0,2.6,13.9,10.6,Sayur garu,sayur
1116,133.0,7.3,6.6,11.2,Sayur kohu-kohu,sayur
1117,64.0,2.1,0.6,12.5,Sayur lebui,sayur
1118,36.0,2.7,0.7,4.8,Sayur lilin-terubuk,sayur
1119,49.0,3.1,2.5,3.6,Sayur ndusuk,sayur
1120,27.0,1.3,2.0,1.0,Sayur sop,sayur
1121,67.0,5.2,2.9,5.1,Sayur umbut kelapa,sayur
1122,57.0,5.4,2.6,3.1,Sayur umbut rotan,sayur
1123,15.0,1.2,0.2,2.9,Selada,bahan pangan
1124,17.0,1.7,0.3,3.0,Selada Air,bahan pangan
1125,19.0,2.7,0.2,2.9,Selada Air rebus,bahan pangan
1126,20.0,1.0,0.1,4.6,Seledri,bahan pangan
1127,28.0,0.5,0.2,6.9,Semangka,bahan pangan
1128,192.5,4.5,6.0,30.3,Semur Jengkol ,sayur
1129,64.0,0.6,0.3,14.8,Sente,bahan pangan
1130,353.0,0.7,0.2,84.7,Sente talas segar,bahan pangan
1131,88.0,7.9,1.6,10.6,Sepi masakan,bahan pangan
1132,298.0,8.0,23.8,48.9,Serbuk Coklat,bahan pangan
1133,478.0,2.5,21.2,69.2,Serimping talas kebumen,bahan pangan
1134,213.0,0.0,0.0,55.0,Setrup sirup,bahan pangan
1135,88.0,3.2,8.0,0.8,Shabu-shabu,bahan pangan
1136,474.0,11.2,42.5,11.7,Sie reuboh masakan,bahan pangan
1137,81.0,5.1,4.5,5.1,Singkah (rotan muda),bahan pangan
1138,285.0,1.0,18.0,28.0,Singkong Goreng ,bahan pangan
1139,146.0,1.2,0.3,34.7,Singkong kukus,bahan pangan
1140,173.0,0.5,0.1,42.5,Singkong tape,bahan pangan
1141,95.3,4.4,2.2,14.4,Siomay ,bahan pangan
1142,65.0,1.0,0.3,16.3,Sirsak,bahan pangan
1143,213.0,0.0,0.0,55.0,Sirup,bahan pangan
1144,71.0,7.5,3.6,2.2,Sop buntut masakan,bahan pangan
1145,49.0,5.8,0.5,5.3,Sop daging sapi masakan,lauk
1146,68.0,9.0,1.9,3.7,Sop kaki sapi masakan,bahan pangan
1147,34.0,5.5,0.8,1.1,Sop kambing masakan,bahan pangan
1148,71.0,7.4,2.6,4.5,Sop konro masakan,bahan pangan
1149,12.0,0.5,0.1,2.0,Sop Kool,bahan pangan
1150,15.0,0.6,0.1,3.1,Sop Kool dan Wortel,sayur
1151,89.0,7.2,5.0,3.9,Sop saudara masakan,bahan pangan
1152,42.0,3.9,1.7,2.8,Soto bandung masakan,bahan pangan
1153,110.0,2.9,9.5,3.2,Soto banjar masakan,bahan pangan
1154,135.0,2.5,8.8,11.5,Soto betawi masakan,bahan pangan
1155,127.5,2.6,9.4,8.3,Soto dengan Daging,lauk
1156,92.0,11.8,4.3,1.4,Soto jeroan masakan,bahan pangan
1157,38.0,2.6,2.3,1.8,Soto kudus masakan,bahan pangan
1158,60.0,3.5,4.5,1.3,Soto madura masakan,bahan pangan
1159,127.0,5.9,6.6,11.0,Soto padang masakan,bahan pangan
1160,94.0,3.0,6.8,5.1,Soto pekalongan masakan,bahan pangan
1161,75.0,3.6,5.2,3.5,Soto pemalang masakan,bahan pangan
1162,80.0,3.2,3.5,9.0,Soto sukaraja masakan,bahan pangan
1163,86.0,2.3,8.5,0.0,Soto sulung masakan,bahan pangan
1164,117.1,0.4,8.6,9.6,Soto tanpa Daging ,lauk
1165,139.0,7.4,2.1,22.6,Spaghetti,bahan pangan
1166,101.0,1.7,0.6,35.2,Srikaya,bahan pangan
1167,75.0,5.6,0.4,12.2,Sukiyaki masakan,bahan pangan
1168,119.0,1.4,0.2,28.1,Sukun muda segar,bahan pangan
1169,126.0,1.6,0.2,24.5,Sukun tua segar,bahan pangan
1170,418.0,19.0,9.0,65.5,Susu asam untuk bayi bubuk,bahan pangan
1171,513.0,24.6,30.0,36.2,Susu bubuk,bahan pangan
1172,64.0,4.3,2.3,6.6,Susu Kambing,bahan pangan
1173,41.0,3.5,2.5,5.0,Susu Kedelai,bahan pangan
1174,336.0,8.2,10.0,55.0,Susu Kental Manis,bahan pangan
1175,138.0,7.0,7.9,9.9,Susu Kental Tak Manis,bahan pangan
1176,160.0,6.3,12.0,7.1,Susu Kerbau,bahan pangan
1177,61.0,3.2,3.5,4.3,Susu Sapi,bahan pangan
1178,36.0,3.5,0.1,5.1,Susu Skim (tak berlemak),bahan pangan
1179,359.0,35.6,1.0,52.0,Susu skim bubuk,bahan pangan
1180,36.0,3.5,0.1,5.1,Susu skim segar,bahan pangan
1181,87.0,5.3,5.2,6.3,Susupan,bahan pangan
1182,90.0,1.5,0.1,21.9,Suweg kukus,bahan pangan
1183,69.0,1.0,0.1,15.7,Suweg mentah,bahan pangan
1184,74.0,1.4,0.1,17.2,Suweg talas segar,bahan pangan
1185,347.0,0.5,0.9,84.2,Suwir-suwir,bahan pangan
1186,68.0,7.8,4.6,1.6,Tahu,bahan pangan
1187,115.0,9.7,8.5,2.5,Tahu goreng,bahan pangan
1188,328.0,12.6,19.9,24.6,Tahu telur,lauk
1189,148.0,13.8,8.5,4.0,Takwa,bahan pangan
1190,120.0,1.5,0.3,28.2,Talas bogor kukus,bahan pangan
1191,163.0,2.3,0.5,36.4,Talas pontianak segar,bahan pangan
1192,115.0,1.8,0.5,25.9,Talas viqueque segar,bahan pangan
1193,120.0,1.5,0.3,28.2,Tales kukus,bahan pangan
1194,98.0,1.9,0.2,23.7,Tales mentah,bahan pangan
1195,166.0,10.4,4.9,24.1,Taoco,bahan pangan
1196,88.0,3.2,2.1,14.0,Taoge goreng,bahan pangan
1197,76.0,9.0,2.6,6.4,Taoge kacang kedelai segar,bahan pangan
1198,28.0,3.0,0.8,4.0,Taoge seduh,bahan pangan
1199,34.0,3.7,1.2,4.3,Taoge segar,bahan pangan
1200,104.0,12.9,6.8,1.2,Taokoa,bahan pangan
1201,99.0,1.7,0.3,22.4,Tapai beras,bahan pokok
1202,166.0,3.8,1.0,34.4,Tapai ketan hitam,bahan pangan
1203,172.0,3.0,0.5,37.5,Tapai ketan putih,bahan pangan
1204,169.0,1.4,0.3,40.2,Tapai singkong,bahan pangan
1205,358.0,7.5,4.3,70.4,Tauco cap DAS cake,bahan pangan
1206,277.0,9.1,4.7,49.6,Tauji cap singa,bahan pangan
1207,25.0,4.6,0.4,3.0,Tebu Terubuk,bahan pangan
1208,83.0,10.4,3.4,2.8,Tedong pallu basa masakan,bahan pangan
1209,132.0,19.5,0.7,67.8,Teh,bahan pangan
1210,300.0,28.3,4.8,53.6,Teh hijau daun kering,bahan pangan
1211,299.0,24.1,3.5,59.0,Teh melati daun kering,bahan pangan
1212,34.0,2.0,0.1,7.9,Tekokak,bahan pangan
1213,294.0,8.3,1.7,72.6,Tekokak kering,bahan pangan
1214,53.0,1.9,0.9,9.4,Tekwan,bahan pangan
1215,162.0,12.8,11.5,0.7,Telur Ayam,lauk
1216,361.0,19.3,31.9,0.7,Telur Ayam bagian kuning,lauk
1217,50.0,10.8,0.0,0.8,Telur Ayam bagian putih,lauk
1218,383.0,15.1,32.9,8.3,Telur Ayam ceplok,lauk
1219,251.0,16.3,19.4,1.4,Telur Ayam dadar,lauk
1220,179.0,13.6,13.3,4.4,Telur ayam kampung ,lauk
1221,386.0,17.0,35.0,0.8,Telur bebek bagian kuning segar,lauk
1222,54.0,11.0,0.0,0.8,Telur Bebek bagian putih,lauk
1223,54.0,11.0,0.0,0.8,Telur bebek bagian putih segar,lauk
1224,320.0,15.1,30.5,0.9,Telur Bebek ceplok,lauk
1225,301.0,20.0,23.7,0.0,Telur Bebek dadar,lauk
1226,187.0,10.9,12.4,7.9,Telur bebek tambak segar,lauk
1227,195.0,13.6,13.6,1.4,Telur Bebek telur asin,lauk
1228,116.0,10.7,7.0,1.6,Telur burung puyuh segar,lauk
1229,144.0,12.0,10.2,0.0,Telur Penyu,lauk
1230,425.0,31.0,28.0,10.0,Telur Terubuk,lauk
1231,119.0,4.4,3.5,18.3,Tempe bongkrek,bahan pangan
1232,73.0,5.7,1.3,4.2,Tempe Gembus,bahan pangan
1233,76.0,6.8,0.7,10.6,Tempe gembus yogya,bahan pangan
1234,328.0,18.4,23.2,12.8,Tempe Goreng ,bahan pangan
1235,139.0,12.5,0.8,21.9,Tempe kacang babi,bahan pangan
1236,212.0,17.5,10.0,12.9,Tempe kacang belimbing,bahan pangan
1237,143.0,12.0,5.5,11.4,Tempe kedelai + jagung,bahan pangan
1238,350.0,24.5,26.6,10.4,Tempe kedelai murni goreng,bahan pangan
1239,201.0,20.8,8.8,13.5,Tempe kedelai murni mentah,bahan pangan
1240,141.0,10.2,1.3,23.2,Tempe koro benguk,bahan pangan
1241,146.0,11.7,2.3,19.6,Tempe lamtoro var. gung dengan kulit,bahan pangan
1242,131.0,18.0,0.8,13.0,Tempe lamtoro var. gung tanpa kulit,bahan pangan
1243,150.0,14.0,7.7,9.1,Tempe pasar segar,bahan pangan
1244,336.0,20.0,28.0,7.8,Tempe pasar goreng,bahan pangan
1245,240.0,6.0,2.7,49.3,Tempe Sayur ,sayur
1246,110.0,1.7,1.3,21.9,Tempoya,bahan pangan
1247,126.0,1.1,2.2,25.7,Tempuyak,bahan pangan
1248,355.0,0.7,0.2,85.2,Tepung Arrowroot,bahan pokok
1249,364.0,7.0,0.5,80.0,Tepung Beras,bahan pokok
1250,353.0,7.0,0.5,80.0,Tepung beras mentah,bahan pokok
1251,353.0,0.8,1.7,83.6,Tepung Ganyong,bahan pokok
1252,363.0,1.1,0.5,88.2,Tepung Gaplek,bahan pokok
1253,355.0,0.7,0.2,85.2,Tepung Garut (arrowroot),bahan pokok
1254,364.0,4.5,1.0,83.5,Tepung Hunkwee,bahan pokok
1255,316.0,60.1,6.5,22.4,Tepung Ikan,bahan pokok
1256,355.0,9.2,3.9,73.7,Tepung Jagung Kuning,bahan pokok
1257,355.0,9.2,3.9,73.7,Tepung jagung putih,bahan pokok
1258,388.0,19.0,7.5,61.2,Tepung Jalejo,bahan pokok
1259,347.0,35.9,20.6,29.9,Tepung Kacang Kedelai,bahan pokok
1260,347.0,0.3,0.1,85.6,Tepung Kentang,bahan pokok
1261,350.0,1.2,0.6,85.0,Tepung Mocaf,bahan pokok
1262,338.0,2.9,0.4,80.6,Tepung Pisang,bahan pokok
1263,353.0,0.7,0.2,84.7,Tepung Sagu,bahan pokok
1264,326.0,4.0,0.4,76.7,Tepung Sente,bahan pokok
1265,363.0,1.1,0.5,88.2,Tepung singkong/ Tapioka,bahan pokok
1266,353.0,2.9,0.5,84.4,Tepung Sukun,bahan pokok
1267,509.0,24.6,30.0,36.2,Tepung Susu,bahan pokok
1268,418.0,19.0,9.0,65.5,Tepung Susu Asam untuk bayi,bahan pokok
1269,362.0,35.6,1.0,52.0,Tepung Susu Skim,bahan pokok
1270,332.0,5.7,0.6,76.1,Tepung Tales Beneng,bahan pokok
1271,365.0,8.9,1.3,77.3,Tepung Terigu,bahan pokok
1272,354.0,2.8,0.6,84.4,Tepung Ubi Ungu,bahan pokok
1273,155.0,22.3,2.9,9.9,Terasi,bahan pangan
1274,191.0,33.1,3.6,6.6,Terasi dobo,bahan pangan
1275,174.0,30.0,3.5,3.5,Terasi Merah,bahan pangan
1276,174.0,30.0,3.5,5.6,Terasi merah,bahan pangan
1277,365.0,23.7,22.3,17.5,Teri balado masakan,bahan pangan
1278,462.0,39.1,32.4,3.5,Teripang dendeng mentah,bahan pangan
1279,24.0,1.1,0.2,5.5,Terong,bahan pangan
1280,285.0,4.3,25.7,9.5,Terong + Oncom makanan,bahan pangan
1281,39.0,2.3,1.9,2.0,Terong Asam,bahan pangan
1282,48.0,1.5,0.3,11.3,Terong Belanda,bahan pangan
1283,45.0,1.9,0.8,7.5,Terong hintalo segar,bahan pangan
1284,23.0,1.8,0.1,4.9,Terong kukus,bahan pangan
1285,28.0,1.1,0.2,5.5,Terong segar,bahan pangan
1286,52.0,2.1,1.1,8.6,Terung belanda segar,bahan pangan
1287,52.0,1.1,0.4,11.2,Terung bengkulu segar,bahan pangan
1288,25.0,2.1,0.1,5.3,Terung panjang,bahan pangan
1289,23.0,1.8,0.1,4.9,Terung panjang kukus,bahan pangan
1290,59.0,2.9,0.3,13.9,Tespong daun,bahan pangan
1291,120.0,2.4,0.4,26.0,Tim (nasi tim),bahan pangan
1292,33.0,1.2,1.3,4.1,Tinira ninahu nggaluku,bahan pangan
1293,516.0,17.7,49.5,0.0,Tinoransak masakan,bahan pangan
1294,355.0,6.2,1.2,79.8,Tipa-tipa,bahan pangan
1295,353.0,2.4,1.1,83.4,Tiwul  ,bahan pangan
1296,395.0,3.2,8.5,76.5,Tiwul Instan,bahan pangan
1297,392.0,5.4,28.5,28.4,Toge -Tahu makanan,bahan pangan
1298,93.6,4.4,1.8,15.1,Toge Goreng ,bahan pangan
1299,23.0,2.9,0.2,4.1,Toge kacang ijo,bahan pangan
1300,35.0,5.0,0.2,5.8,Toge kacang tunggak,bahan pangan
1301,67.0,9.0,2.6,6.4,Toge kedelai,bahan pangan
1302,28.0,3.0,0.8,4.0,Toge seduh,bahan pangan
1303,20.0,1.0,0.2,3.5,Tomat air (juice) segar,bahan pangan
1304,20.0,1.0,0.3,4.2,Tomat Masak,bahan pangan
1305,24.0,1.3,0.5,4.7,Tomat merah segar,bahan pangan
1306,24.0,2.0,0.7,3.3,Tomat muda segar,bahan pangan
1307,189.0,11.3,15.7,0.6,Tumis bandeng,bahan pangan
1308,48.0,1.4,4.2,2.6,Tumis bayam bersantan,lauk
1309,186.0,1.9,0.2,44.3,Ubi Cilembu,bahan pangan
1310,160.0,3.7,1.3,55.3,Ubi Jalar Goreng ,bahan pangan
1311,100.0,0.7,0.3,23.8,Ubi jalar kuning kukus,bahan pangan
1312,119.0,0.5,0.4,25.1,Ubi jalar kuning segar,bahan pangan
1313,83.0,1.5,0.2,18.8,Ubi jalar manis segar,bahan pangan
1314,123.0,1.8,0.7,27.9,Ubi Jalar Merah,bahan pangan
1315,151.0,1.6,0.3,35.4,Ubi jalar merah segar,bahan pangan
1316,123.0,1.8,0.7,27.9,Ubi Jalar Putih,bahan pangan
1317,114.0,1.4,9.6,25.6,Ubi Jalar Rebus,bahan pangan
1318,184.0,1.4,0.3,22.5,Ubi Jalar Sayur,sayur
1319,108.0,0.5,0.4,25.6,Ubi jalar tinta/ kemayung,bahan pangan
1320,165.0,0.9,0.2,39.8,Ubi jalar tinta/ kemayung kukus,bahan pangan
1321,82.0,5.8,1.3,11.7,Uceng/ bunga melinjo segar,bahan pangan
1322,56.0,11.4,0.6,1.2,Udang besar segar,bahan pangan
1323,81.0,16.5,0.3,3.0,Udang galah segar,bahan pangan
1324,295.0,62.4,2.3,1.8,Udang kering,bahan pangan
1325,278.0,62.6,4.1,2.2,Udang kering mentah,bahan pangan
1326,273.0,47.8,3.8,12.5,Udang papay mentah,bahan pangan
1327,91.0,21.0,0.2,0.1,Udang segar,bahan pangan
1328,380.0,11.9,30.3,14.9,Ulat sagu panggang,bahan pangan
1329,241.0,5.8,21.6,5.8,Ulat sagu segar,bahan pangan
1330,120.0,2.8,0.5,82.3,Umbi Uwi segar,bahan pangan
1331,34.0,2.4,0.3,5.5,Umbut rotan,bahan pangan
1332,130.0,14.0,7.2,1.5,Usus Sapi,bahan pangan
1333,101.0,2.0,0.2,19.8,Uwi,bahan pangan
1334,363.0,8.7,0.4,78.7,Vermicelli,bahan pangan
1335,303.0,6.3,2.7,63.3,Wajit camilan,bahan pangan
1336,45.0,0.8,0.9,8.1,Waluh balamak,bahan pangan
1337,424.0,1.3,10.7,80.7,Widaran,bahan pangan
1338,568.0,19.3,51.1,18.1,Wijen,bahan pangan
1339,355.0,3.2,15.1,51.4,Wingko babat,bahan pangan
1340,143.0,3.1,7.8,15.0,Woku ubi,bahan pangan
1341,452.0,14.5,42.3,2.3,Worst (sosis daging),lauk
1342,42.0,1.2,0.6,9.3,Wortel Segar,sayur
1343,37.0,1.0,0.6,8.3,Wortel kukus,sayur
1344,28.0,0.7,0.5,6.3,Wortel rebus,sayur
1345,254.0,3.0,1.1,58.1,Yangko,bahan pangan
1346,52.0,3.3,2.5,4.0,Yoghurt,bahan pangan
